Periood;Börsihind eur/MWh (ei sisalda käibemaksu)
01.07.2025 00:00;2,65
01.07.2025 01:00;-0,03
01.07.2025 02:00;-0,21
01.07.2025 03:00;-0,21
01.07.2025 04:00;-0,2
01.07.2025 05:00;0
01.07.2025 06:00;3,81
01.07.2025 07:00;8,21
01.07.2025 08:00;27,43
01.07.2025 09:00;19,06
01.07.2025 10:00;5,99
01.07.2025 11:00;6,51
01.07.2025 12:00;6,91
01.07.2025 13:00;5,57
01.07.2025 14:00;6,02
01.07.2025 15:00;11,47
01.07.2025 16:00;14,51
01.07.2025 17:00;19,97
01.07.2025 18:00;42,58
01.07.2025 19:00;67,02
01.07.2025 20:00;139,31
01.07.2025 21:00;91,34
01.07.2025 22:00;72,85
01.07.2025 23:00;62,45
02.07.2025 00:00;20,07
02.07.2025 01:00;20,06
02.07.2025 02:00;19,88
02.07.2025 03:00;25,23
02.07.2025 04:00;22,53
02.07.2025 05:00;15,12
02.07.2025 06:00;28
02.07.2025 07:00;54,4
02.07.2025 08:00;61,17
02.07.2025 09:00;60,35
02.07.2025 10:00;54,63
02.07.2025 11:00;50,01
02.07.2025 12:00;24,6
02.07.2025 13:00;21,15
02.07.2025 14:00;20,29
02.07.2025 15:00;23,16
02.07.2025 16:00;35,35
02.07.2025 17:00;49,74
02.07.2025 18:00;54,54
02.07.2025 19:00;63,6
02.07.2025 20:00;146,21
02.07.2025 21:00;144,01
02.07.2025 22:00;63,05
02.07.2025 23:00;57,76
03.07.2025 00:00;25,06
03.07.2025 01:00;40,01
03.07.2025 02:00;7,27
03.07.2025 03:00;5,98
03.07.2025 04:00;8,67
03.07.2025 05:00;7,4
03.07.2025 06:00;5,99
03.07.2025 07:00;17,67
03.07.2025 08:00;25,01
03.07.2025 09:00;22,28
03.07.2025 10:00;18,3
03.07.2025 11:00;4,26
03.07.2025 12:00;3,3
03.07.2025 13:00;1,82
03.07.2025 14:00;0,46
03.07.2025 15:00;0,37
03.07.2025 16:00;0,53
03.07.2025 17:00;1,51
03.07.2025 18:00;2,43
03.07.2025 19:00;3,51
03.07.2025 20:00;3,54
03.07.2025 21:00;3,48
03.07.2025 22:00;4,4
03.07.2025 23:00;0,16
04.07.2025 00:00;0,01
04.07.2025 01:00;-0,82
04.07.2025 02:00;-1,52
04.07.2025 03:00;-1,57
04.07.2025 04:00;-1,71
04.07.2025 05:00;-1,04
04.07.2025 06:00;-1,01
04.07.2025 07:00;-0,3
04.07.2025 08:00;-0,11
04.07.2025 09:00;-0,06
04.07.2025 10:00;-0,03
04.07.2025 11:00;-0,1
04.07.2025 12:00;-0,1
04.07.2025 13:00;-0,03
04.07.2025 14:00;-0,65
04.07.2025 15:00;-0,26
04.07.2025 16:00;-0,01
04.07.2025 17:00;2,15
04.07.2025 18:00;5,51
04.07.2025 19:00;10,9
04.07.2025 20:00;16,38
04.07.2025 21:00;15,08
04.07.2025 22:00;15,66
04.07.2025 23:00;15,03
05.07.2025 00:00;10,03
05.07.2025 01:00;8,53
05.07.2025 02:00;5,4
05.07.2025 03:00;5,34
05.07.2025 04:00;5,34
05.07.2025 05:00;5,38
05.07.2025 06:00;6,38
05.07.2025 07:00;14,82
05.07.2025 08:00;15,09
05.07.2025 09:00;17,67
05.07.2025 10:00;17,92
05.07.2025 11:00;13,33
05.07.2025 12:00;16,77
05.07.2025 13:00;18,54
05.07.2025 14:00;19,38
05.07.2025 15:00;25,02
05.07.2025 16:00;27,39
05.07.2025 17:00;36,27
05.07.2025 18:00;49,91
05.07.2025 19:00;74,48
05.07.2025 20:00;101,02
05.07.2025 21:00;53,98
05.07.2025 22:00;34,87
05.07.2025 23:00;25,52
06.07.2025 00:00;8,21
06.07.2025 01:00;3,86
06.07.2025 02:00;3,23
06.07.2025 03:00;3,17
06.07.2025 04:00;2,73
06.07.2025 05:00;2,86
06.07.2025 06:00;3,45
06.07.2025 07:00;3,8
06.07.2025 08:00;4,89
06.07.2025 09:00;7,6
06.07.2025 10:00;7,11
06.07.2025 11:00;8,3
06.07.2025 12:00;9,93
06.07.2025 13:00;6,08
06.07.2025 14:00;5,69
06.07.2025 15:00;8,24
06.07.2025 16:00;10,05
06.07.2025 17:00;19,46
06.07.2025 18:00;24,4
06.07.2025 19:00;18,69
06.07.2025 20:00;65,23
06.07.2025 21:00;69,23
06.07.2025 22:00;65,71
06.07.2025 23:00;65,59
07.07.2025 00:00;14,1
07.07.2025 01:00;5,03
07.07.2025 02:00;4,98
07.07.2025 03:00;4,97
07.07.2025 04:00;4,97
07.07.2025 05:00;4,97
07.07.2025 06:00;10,96
07.07.2025 07:00;20,01
07.07.2025 08:00;66,92
07.07.2025 09:00;81,48
07.07.2025 10:00;79,4
07.07.2025 11:00;79,75
07.07.2025 12:00;76,68
07.07.2025 13:00;58,06
07.07.2025 14:00;52,72
07.07.2025 15:00;36,46
07.07.2025 16:00;48,46
07.07.2025 17:00;52,29
07.07.2025 18:00;72,24
07.07.2025 19:00;146,6
07.07.2025 20:00;146,95
07.07.2025 21:00;146,61
07.07.2025 22:00;120,21
07.07.2025 23:00;92,48
08.07.2025 00:00;34,49
08.07.2025 01:00;31,67
08.07.2025 02:00;9,27
08.07.2025 03:00;8,76
08.07.2025 04:00;4,95
08.07.2025 05:00;4,87
08.07.2025 06:00;9,24
08.07.2025 07:00;39,02
08.07.2025 08:00;53,83
08.07.2025 09:00;64,81
08.07.2025 10:00;46,61
08.07.2025 11:00;36,42
08.07.2025 12:00;17,27
08.07.2025 13:00;16,41
08.07.2025 14:00;15,45
08.07.2025 15:00;17,92
08.07.2025 16:00;25
08.07.2025 17:00;31,75
08.07.2025 18:00;78,65
08.07.2025 19:00;91,09
08.07.2025 20:00;113,97
08.07.2025 21:00;130,18
08.07.2025 22:00;125,05
08.07.2025 23:00;118,22
09.07.2025 00:00;100,64
09.07.2025 01:00;71,11
09.07.2025 02:00;70,05
09.07.2025 03:00;64,73
09.07.2025 04:00;58,5
09.07.2025 05:00;57,62
09.07.2025 06:00;64,65
09.07.2025 07:00;118,95
09.07.2025 08:00;104,87
09.07.2025 09:00;104,35
09.07.2025 10:00;83,31
09.07.2025 11:00;73,56
09.07.2025 12:00;64,08
09.07.2025 13:00;56,93
09.07.2025 14:00;43,81
09.07.2025 15:00;30,43
09.07.2025 16:00;45,95
09.07.2025 17:00;65,4
09.07.2025 18:00;85,09
09.07.2025 19:00;112,5
09.07.2025 20:00;123,96
09.07.2025 21:00;150,28
09.07.2025 22:00;143,74
09.07.2025 23:00;101,02
10.07.2025 00:00;42,06
10.07.2025 01:00;37,82
10.07.2025 02:00;35,43
10.07.2025 03:00;31,63
10.07.2025 04:00;31,59
10.07.2025 05:00;33,26
10.07.2025 06:00;35,45
10.07.2025 07:00;63,77
10.07.2025 08:00;91,35
10.07.2025 09:00;89,92
10.07.2025 10:00;76,16
10.07.2025 11:00;62,51
10.07.2025 12:00;55,1
10.07.2025 13:00;43,08
10.07.2025 14:00;37,68
10.07.2025 15:00;36,22
10.07.2025 16:00;49,48
10.07.2025 17:00;66,64
10.07.2025 18:00;74,45
10.07.2025 19:00;85,56
10.07.2025 20:00;96,8
10.07.2025 21:00;96,9
10.07.2025 22:00;55,11
10.07.2025 23:00;30,04
11.07.2025 00:00;16,46
11.07.2025 01:00;15,1
11.07.2025 02:00;5,68
11.07.2025 03:00;4,72
11.07.2025 04:00;3,28
11.07.2025 05:00;3,52
11.07.2025 06:00;4,01
11.07.2025 07:00;8,32
11.07.2025 08:00;27,72
11.07.2025 09:00;34,54
11.07.2025 10:00;17,65
11.07.2025 11:00;7,11
11.07.2025 12:00;4,91
11.07.2025 13:00;4,9
11.07.2025 14:00;4,75
11.07.2025 15:00;4,76
11.07.2025 16:00;4,97
11.07.2025 17:00;5,8
11.07.2025 18:00;5,71
11.07.2025 19:00;6,95
11.07.2025 20:00;6,69
11.07.2025 21:00;5,28
11.07.2025 22:00;4,55
11.07.2025 23:00;3,67
12.07.2025 00:00;2,78
12.07.2025 01:00;2,23
12.07.2025 02:00;2,03
12.07.2025 03:00;1,3
12.07.2025 04:00;1,2
12.07.2025 05:00;1,1
12.07.2025 06:00;1,86
12.07.2025 07:00;2,46
12.07.2025 08:00;3,7
12.07.2025 09:00;3,51
12.07.2025 10:00;3,78
12.07.2025 11:00;4,46
12.07.2025 12:00;3,31
12.07.2025 13:00;2,01
12.07.2025 14:00;1,19
12.07.2025 15:00;2,23
12.07.2025 16:00;2,83
12.07.2025 17:00;5,97
12.07.2025 18:00;7,85
12.07.2025 19:00;25,01
12.07.2025 20:00;40,01
12.07.2025 21:00;110
12.07.2025 22:00;12,29
12.07.2025 23:00;6,31
13.07.2025 00:00;4,44
13.07.2025 01:00;0,03
13.07.2025 02:00;1,25
13.07.2025 03:00;2,49
13.07.2025 04:00;5
13.07.2025 05:00;9,47
13.07.2025 06:00;11,16
13.07.2025 07:00;16,26
13.07.2025 08:00;18,21
13.07.2025 09:00;17,04
13.07.2025 10:00;15,01
13.07.2025 11:00;5
13.07.2025 12:00;4,5
13.07.2025 13:00;2,19
13.07.2025 14:00;0,78
13.07.2025 15:00;1,81
13.07.2025 16:00;4,21
13.07.2025 17:00;12,97
13.07.2025 18:00;24,39
13.07.2025 19:00;30,15
13.07.2025 20:00;36,19
13.07.2025 21:00;36,23
13.07.2025 22:00;34,89
13.07.2025 23:00;25,88
14.07.2025 00:00;22,33
14.07.2025 01:00;14,29
14.07.2025 02:00;12,4
14.07.2025 03:00;14,66
14.07.2025 04:00;14,34
14.07.2025 05:00;11,69
14.07.2025 06:00;14,49
14.07.2025 07:00;16,85
14.07.2025 08:00;38,46
14.07.2025 09:00;25,1
14.07.2025 10:00;23,62
14.07.2025 11:00;17,73
14.07.2025 12:00;15,7
14.07.2025 13:00;15,88
14.07.2025 14:00;21,34
14.07.2025 15:00;22,23
14.07.2025 16:00;21,18
14.07.2025 17:00;18,26
14.07.2025 18:00;24,36
14.07.2025 19:00;82,54
14.07.2025 20:00;105,95
14.07.2025 21:00;58,16
14.07.2025 22:00;150,8
14.07.2025 23:00;32,31
15.07.2025 00:00;16,49
15.07.2025 01:00;57,61
15.07.2025 02:00;33,03
15.07.2025 03:00;22,03
15.07.2025 04:00;21,07
15.07.2025 05:00;14,37
15.07.2025 06:00;38,01
15.07.2025 07:00;50
15.07.2025 08:00;56,85
15.07.2025 09:00;57,83
15.07.2025 10:00;46,69
15.07.2025 11:00;46,35
15.07.2025 12:00;43,74
15.07.2025 13:00;41,66
15.07.2025 14:00;40,57
15.07.2025 15:00;37,34
15.07.2025 16:00;39,54
15.07.2025 17:00;44,79
15.07.2025 18:00;30,83
15.07.2025 19:00;101,82
15.07.2025 20:00;109,5
15.07.2025 21:00;150,8
15.07.2025 22:00;77,27
15.07.2025 23:00;120,76
16.07.2025 00:00;12,91
16.07.2025 01:00;62,22
16.07.2025 02:00;40,01
16.07.2025 03:00;12,92
16.07.2025 04:00;7,06
16.07.2025 05:00;6,56
16.07.2025 06:00;25,09
16.07.2025 07:00;40,01
16.07.2025 08:00;25,03
16.07.2025 09:00;32,94
16.07.2025 10:00;18,47
16.07.2025 11:00;9,02
16.07.2025 12:00;8,94
16.07.2025 13:00;11,51
16.07.2025 14:00;10,79
16.07.2025 15:00;9,91
16.07.2025 16:00;10,83
16.07.2025 17:00;10,12
16.07.2025 18:00;12,16
16.07.2025 19:00;68,48
16.07.2025 20:00;164,5
16.07.2025 21:00;192,54
16.07.2025 22:00;150,5
16.07.2025 23:00;125,21
17.07.2025 00:00;6,27
17.07.2025 01:00;108,16
17.07.2025 02:00;104,04
17.07.2025 03:00;40
17.07.2025 04:00;6,1
17.07.2025 05:00;25,03
17.07.2025 06:00;104,77
17.07.2025 07:00;121,7
17.07.2025 08:00;18,57
17.07.2025 09:00;19,69
17.07.2025 10:00;14,86
17.07.2025 11:00;11,94
17.07.2025 12:00;11,45
17.07.2025 13:00;10,87
17.07.2025 14:00;11,04
17.07.2025 15:00;11,11
17.07.2025 16:00;12,98
17.07.2025 17:00;17,62
17.07.2025 18:00;21,95
17.07.2025 19:00;40,5
17.07.2025 20:00;148,61
17.07.2025 21:00;170,29
17.07.2025 22:00;61,94
17.07.2025 23:00;59,96
18.07.2025 00:00;6,16
18.07.2025 01:00;4,98
18.07.2025 02:00;4,98
18.07.2025 03:00;5,58
18.07.2025 04:00;6,09
18.07.2025 05:00;7,57
18.07.2025 06:00;11,21
18.07.2025 07:00;15,92
18.07.2025 08:00;31,81
18.07.2025 09:00;26,54
18.07.2025 10:00;15,54
18.07.2025 11:00;18,09
18.07.2025 12:00;19,36
18.07.2025 13:00;18,65
18.07.2025 14:00;17,01
18.07.2025 15:00;17,45
18.07.2025 16:00;18,16
18.07.2025 17:00;20,25
18.07.2025 18:00;21,74
18.07.2025 19:00;63,56
18.07.2025 20:00;131,44
18.07.2025 21:00;148,71
18.07.2025 22:00;65,12
18.07.2025 23:00;62,31
19.07.2025 00:00;59,07
19.07.2025 01:00;19,99
19.07.2025 02:00;20,52
19.07.2025 03:00;17,63
19.07.2025 04:00;15,14
19.07.2025 05:00;9,26
19.07.2025 06:00;10,46
19.07.2025 07:00;11,72
19.07.2025 08:00;16,85
19.07.2025 09:00;18,41
19.07.2025 10:00;17,97
19.07.2025 11:00;8,73
19.07.2025 12:00;4,64
19.07.2025 13:00;3,13
19.07.2025 14:00;2,52
19.07.2025 15:00;3,94
19.07.2025 16:00;8,22
19.07.2025 17:00;25,09
19.07.2025 18:00;43,87
19.07.2025 19:00;48,55
19.07.2025 20:00;55,69
19.07.2025 21:00;62,05
19.07.2025 22:00;69,48
19.07.2025 23:00;62,62
20.07.2025 00:00;25,6
20.07.2025 01:00;40,03
20.07.2025 02:00;14,1
20.07.2025 03:00;10,53
20.07.2025 04:00;11,02
20.07.2025 05:00;10,68
20.07.2025 06:00;16,41
20.07.2025 07:00;20,06
20.07.2025 08:00;22,68
20.07.2025 09:00;24,71
20.07.2025 10:00;25,73
20.07.2025 11:00;12,44
20.07.2025 12:00;5,03
20.07.2025 13:00;2,63
20.07.2025 14:00;3,45
20.07.2025 15:00;5,24
20.07.2025 16:00;17
20.07.2025 17:00;32,78
20.07.2025 18:00;25,28
20.07.2025 19:00;39,87
20.07.2025 20:00;56,32
20.07.2025 21:00;62,25
20.07.2025 22:00;60,55
20.07.2025 23:00;57,64
21.07.2025 00:00;58,09
21.07.2025 01:00;55,37
21.07.2025 02:00;50,34
21.07.2025 03:00;51,06
21.07.2025 04:00;25,25
21.07.2025 05:00;37,75
21.07.2025 06:00;49,26
21.07.2025 07:00;49,44
21.07.2025 08:00;47,78
21.07.2025 09:00;45,13
21.07.2025 10:00;36,35
21.07.2025 11:00;21,99
21.07.2025 12:00;23,56
21.07.2025 13:00;23,03
21.07.2025 14:00;26,89
21.07.2025 15:00;24,33
21.07.2025 16:00;24,11
21.07.2025 17:00;34,1
21.07.2025 18:00;43,92
21.07.2025 19:00;49,35
21.07.2025 20:00;145,3
21.07.2025 21:00;158,45
21.07.2025 22:00;132,09
21.07.2025 23:00;107,93
22.07.2025 00:00;40,06
22.07.2025 01:00;15,24
22.07.2025 02:00;11,29
22.07.2025 03:00;10,7
22.07.2025 04:00;10,3
22.07.2025 05:00;11,51
22.07.2025 06:00;13,73
22.07.2025 07:00;21
22.07.2025 08:00;21,7
22.07.2025 09:00;27,24
22.07.2025 10:00;27,13
22.07.2025 11:00;24,19
22.07.2025 12:00;22,14
22.07.2025 13:00;24,43
22.07.2025 14:00;12,63
22.07.2025 15:00;11,97
22.07.2025 16:00;15,9
22.07.2025 17:00;31,62
22.07.2025 18:00;40,37
22.07.2025 19:00;43,55
22.07.2025 20:00;142,53
22.07.2025 21:00;166,72
22.07.2025 22:00;142,06
22.07.2025 23:00;109,97
23.07.2025 00:00;18,88
23.07.2025 01:00;11,78
23.07.2025 02:00;12,5
23.07.2025 03:00;10,72
23.07.2025 04:00;10,45
23.07.2025 05:00;10,77
23.07.2025 06:00;14,08
23.07.2025 07:00;37,11
23.07.2025 08:00;39,26
23.07.2025 09:00;40,15
23.07.2025 10:00;38,81
23.07.2025 11:00;30,73
23.07.2025 12:00;32,34
23.07.2025 13:00;23,33
23.07.2025 14:00;21,62
23.07.2025 15:00;24,05
23.07.2025 16:00;29,55
23.07.2025 17:00;37,62
23.07.2025 18:00;76,03
23.07.2025 19:00;84
23.07.2025 20:00;122,09
23.07.2025 21:00;144,31
23.07.2025 22:00;144,31
23.07.2025 23:00;108,01
24.07.2025 00:00;98,08
24.07.2025 01:00;95,7
24.07.2025 02:00;43,28
24.07.2025 03:00;54,43
24.07.2025 04:00;53,94
24.07.2025 05:00;88,32
24.07.2025 06:00;95,26
24.07.2025 07:00;42,14
24.07.2025 08:00;88,7
24.07.2025 09:00;29,61
24.07.2025 10:00;26,91
24.07.2025 11:00;28,08
24.07.2025 12:00;35
24.07.2025 13:00;40,73
24.07.2025 14:00;41,46
24.07.2025 15:00;40,2
24.07.2025 16:00;47,06
24.07.2025 17:00;57,49
24.07.2025 18:00;90,11
24.07.2025 19:00;132,81
24.07.2025 20:00;143,9
24.07.2025 21:00;190
24.07.2025 22:00;143,9
24.07.2025 23:00;115,93
25.07.2025 00:00;106,32
25.07.2025 01:00;53,23
25.07.2025 02:00;44,6
25.07.2025 03:00;10,12
25.07.2025 04:00;9,85
25.07.2025 05:00;9,99
25.07.2025 06:00;101,92
25.07.2025 07:00;111,87
25.07.2025 08:00;35,01
25.07.2025 09:00;39,2
25.07.2025 10:00;35,02
25.07.2025 11:00;21,32
25.07.2025 12:00;18,76
25.07.2025 13:00;17,27
25.07.2025 14:00;16,12
25.07.2025 15:00;14,09
25.07.2025 16:00;14,64
25.07.2025 17:00;17,86
25.07.2025 18:00;40
25.07.2025 19:00;63,09
25.07.2025 20:00;123,81
25.07.2025 21:00;198,52
25.07.2025 22:00;143,61
25.07.2025 23:00;60
26.07.2025 00:00;58,94
26.07.2025 01:00;64,22
26.07.2025 02:00;40
26.07.2025 03:00;8,14
26.07.2025 04:00;9,11
26.07.2025 05:00;8,78
26.07.2025 06:00;8,69
26.07.2025 07:00;11,78
26.07.2025 08:00;26,9
26.07.2025 09:00;23,05
26.07.2025 10:00;16,49
26.07.2025 11:00;13,29
26.07.2025 12:00;12,06
26.07.2025 13:00;10,72
26.07.2025 14:00;9
26.07.2025 15:00;8,27
26.07.2025 16:00;10,19
26.07.2025 17:00;21,06
26.07.2025 18:00;38,57
26.07.2025 19:00;45,07
26.07.2025 20:00;63,45
26.07.2025 21:00;91,01
26.07.2025 22:00;67,79
26.07.2025 23:00;60,45
27.07.2025 00:00;57,32
27.07.2025 01:00;40,01
27.07.2025 02:00;35,51
27.07.2025 03:00;24,68
27.07.2025 04:00;20,76
27.07.2025 05:00;18,86
27.07.2025 06:00;25,72
27.07.2025 07:00;23,76
27.07.2025 08:00;24,41
27.07.2025 09:00;34,66
27.07.2025 10:00;38,04
27.07.2025 11:00;33,59
27.07.2025 12:00;30,09
27.07.2025 13:00;32,69
27.07.2025 14:00;13,23
27.07.2025 15:00;8,85
27.07.2025 16:00;15,65
27.07.2025 17:00;27,99
27.07.2025 18:00;38,02
27.07.2025 19:00;45,28
27.07.2025 20:00;106,65
27.07.2025 21:00;129,97
27.07.2025 22:00;136,84
27.07.2025 23:00;75,12
28.07.2025 00:00;9,65
28.07.2025 01:00;8,32
28.07.2025 02:00;8,2
28.07.2025 03:00;8,12
28.07.2025 04:00;7,86
28.07.2025 05:00;9,82
28.07.2025 06:00;12,93
28.07.2025 07:00;23,12
28.07.2025 08:00;35,4
28.07.2025 09:00;31,02
28.07.2025 10:00;23,55
28.07.2025 11:00;24,5
28.07.2025 12:00;23,99
28.07.2025 13:00;22,57
28.07.2025 14:00;30,58
28.07.2025 15:00;51,51
28.07.2025 16:00;52,34
28.07.2025 17:00;60,02
28.07.2025 18:00;55,28
28.07.2025 19:00;56,54
28.07.2025 20:00;57,57
28.07.2025 21:00;51,34
28.07.2025 22:00;47,01
28.07.2025 23:00;41
29.07.2025 00:00;17,43
29.07.2025 01:00;17,55
29.07.2025 02:00;9,64
29.07.2025 03:00;6,1
29.07.2025 04:00;5,34
29.07.2025 05:00;5,28
29.07.2025 06:00;6,21
29.07.2025 07:00;6,63
29.07.2025 08:00;9,87
29.07.2025 09:00;10,51
29.07.2025 10:00;18,12
29.07.2025 11:00;14,4
29.07.2025 12:00;8,44
29.07.2025 13:00;9,06
29.07.2025 14:00;4,71
29.07.2025 15:00;3,59
29.07.2025 16:00;6,33
29.07.2025 17:00;9,77
29.07.2025 18:00;14,21
29.07.2025 19:00;16,11
29.07.2025 20:00;27,24
29.07.2025 21:00;22,44
29.07.2025 22:00;16,22
29.07.2025 23:00;11,36
30.07.2025 00:00;7,7
30.07.2025 01:00;6,22
30.07.2025 02:00;5,28
30.07.2025 03:00;4,56
30.07.2025 04:00;4,21
30.07.2025 05:00;5,91
30.07.2025 06:00;16,9
30.07.2025 07:00;54,29
30.07.2025 08:00;40
30.07.2025 09:00;31,26
30.07.2025 10:00;28,13
30.07.2025 11:00;30,82
30.07.2025 12:00;35,2
30.07.2025 13:00;24,41
30.07.2025 14:00;17,69
30.07.2025 15:00;17,97
30.07.2025 16:00;28,2
30.07.2025 17:00;43,13
30.07.2025 18:00;55,02
30.07.2025 19:00;58,26
30.07.2025 20:00;65,9
30.07.2025 21:00;58,44
30.07.2025 22:00;63,82
30.07.2025 23:00;42,97
31.07.2025 00:00;28,97
31.07.2025 01:00;14,31
31.07.2025 02:00;11,18
31.07.2025 03:00;11,04
31.07.2025 04:00;11
31.07.2025 05:00;11,97
31.07.2025 06:00;13,49
31.07.2025 07:00;16,23
31.07.2025 08:00;34,04
31.07.2025 09:00;48,62
31.07.2025 10:00;32,34
31.07.2025 11:00;43,71
31.07.2025 12:00;36,01
31.07.2025 13:00;35,01
31.07.2025 14:00;30,36
31.07.2025 15:00;33,17
31.07.2025 16:00;47,08
31.07.2025 17:00;49,84
31.07.2025 18:00;66,65
31.07.2025 19:00;69,72
31.07.2025 20:00;119,8
31.07.2025 21:00;155,51
31.07.2025 22:00;94,41
31.07.2025 23:00;76,06
01.08.2025 00:00;57,9
01.08.2025 01:00;105,42
01.08.2025 02:00;98,71
01.08.2025 03:00;78,53
01.08.2025 04:00;74,32
01.08.2025 05:00;94,26
01.08.2025 06:00;101,03
01.08.2025 07:00;106,79
01.08.2025 08:00;110,31
01.08.2025 09:00;101,41
01.08.2025 10:00;95,09
01.08.2025 11:00;38,22
01.08.2025 12:00;37,48
01.08.2025 13:00;72,15
01.08.2025 14:00;60,46
01.08.2025 15:00;47,79
01.08.2025 16:00;47,85
01.08.2025 17:00;68,24
01.08.2025 18:00;90,73
01.08.2025 19:00;117,13
01.08.2025 20:00;144,64
01.08.2025 21:00;153,66
01.08.2025 22:00;142,84
01.08.2025 23:00;110,95
02.08.2025 00:00;90,44
02.08.2025 01:00;96,07
02.08.2025 02:00;92,54
02.08.2025 03:00;87,92
02.08.2025 04:00;85,34
02.08.2025 05:00;6,22
02.08.2025 06:00;5,03
02.08.2025 07:00;4,94
02.08.2025 08:00;6,67
02.08.2025 09:00;19,39
02.08.2025 10:00;6,99
02.08.2025 11:00;11,43
02.08.2025 12:00;5,54
02.08.2025 13:00;4
02.08.2025 14:00;3,05
02.08.2025 15:00;3,79
02.08.2025 16:00;4,37
02.08.2025 17:00;5,39
02.08.2025 18:00;49,4
02.08.2025 19:00;92,47
02.08.2025 20:00;125,91
02.08.2025 21:00;144,05
02.08.2025 22:00;119,98
02.08.2025 23:00;99,03
03.08.2025 00:00;95,7
03.08.2025 01:00;54,29
03.08.2025 02:00;75,71
03.08.2025 03:00;70,29
03.08.2025 04:00;66,56
03.08.2025 05:00;61,79
03.08.2025 06:00;5,43
03.08.2025 07:00;4,84
03.08.2025 08:00;5,6
03.08.2025 09:00;5,99
03.08.2025 10:00;0,11
03.08.2025 11:00;0,94
03.08.2025 12:00;0,81
03.08.2025 13:00;0,3
03.08.2025 14:00;1
03.08.2025 15:00;1,68
03.08.2025 16:00;2,13
03.08.2025 17:00;3,51
03.08.2025 18:00;11,22
03.08.2025 19:00;69,42
03.08.2025 20:00;77,89
03.08.2025 21:00;81,46
03.08.2025 22:00;83,45
03.08.2025 23:00;83,51
04.08.2025 00:00;45,21
04.08.2025 01:00;4,98
04.08.2025 02:00;5,04
04.08.2025 03:00;4,97
04.08.2025 04:00;4,97
04.08.2025 05:00;4,98
04.08.2025 06:00;5,04
04.08.2025 07:00;5,38
04.08.2025 08:00;10,01
04.08.2025 09:00;9,99
04.08.2025 10:00;5,81
04.08.2025 11:00;4,73
04.08.2025 12:00;4,42
04.08.2025 13:00;4,17
04.08.2025 14:00;3,91
04.08.2025 15:00;3,61
04.08.2025 16:00;4,15
04.08.2025 17:00;6,28
04.08.2025 18:00;50,36
04.08.2025 19:00;124,06
04.08.2025 20:00;163,8
04.08.2025 21:00;189,6
04.08.2025 22:00;144,12
04.08.2025 23:00;103,9
05.08.2025 00:00;3,9
05.08.2025 01:00;0,4
05.08.2025 02:00;0
05.08.2025 03:00;0,1
05.08.2025 04:00;-0,01
05.08.2025 05:00;0
05.08.2025 06:00;0,04
05.08.2025 07:00;1,69
05.08.2025 08:00;2,06
05.08.2025 09:00;2,41
05.08.2025 10:00;2,06
05.08.2025 11:00;0
05.08.2025 12:00;-0,04
05.08.2025 13:00;-0,85
05.08.2025 14:00;-0,21
05.08.2025 15:00;-0,11
05.08.2025 16:00;-0,11
05.08.2025 17:00;0
05.08.2025 18:00;1,05
05.08.2025 19:00;3,9
05.08.2025 20:00;43,55
05.08.2025 21:00;78,63
05.08.2025 22:00;5,04
05.08.2025 23:00;1,29
06.08.2025 00:00;0,07
06.08.2025 01:00;-0,01
06.08.2025 02:00;-0,07
06.08.2025 03:00;-0,19
06.08.2025 04:00;-0,83
06.08.2025 05:00;-0,12
06.08.2025 06:00;-0,03
06.08.2025 07:00;0,51
06.08.2025 08:00;2,17
06.08.2025 09:00;2,31
06.08.2025 10:00;1,23
06.08.2025 11:00;-0,03
06.08.2025 12:00;-1,06
06.08.2025 13:00;-2,18
06.08.2025 14:00;-3,06
06.08.2025 15:00;-2,43
06.08.2025 16:00;-1,07
06.08.2025 17:00;-0,03
06.08.2025 18:00;1,28
06.08.2025 19:00;2,74
06.08.2025 20:00;14,09
06.08.2025 21:00;16,92
06.08.2025 22:00;17,15
06.08.2025 23:00;12,87
07.08.2025 00:00;3
07.08.2025 01:00;0,42
07.08.2025 02:00;0,18
07.08.2025 03:00;0,12
07.08.2025 04:00;0,71
07.08.2025 05:00;0,84
07.08.2025 06:00;2,93
07.08.2025 07:00;5,44
07.08.2025 08:00;20,63
07.08.2025 09:00;4,92
07.08.2025 10:00;3,99
07.08.2025 11:00;4,11
07.08.2025 12:00;2,76
07.08.2025 13:00;1,4
07.08.2025 14:00;1,1
07.08.2025 15:00;2,01
07.08.2025 16:00;2,88
07.08.2025 17:00;4,27
07.08.2025 18:00;36,54
07.08.2025 19:00;85,59
07.08.2025 20:00;139,74
07.08.2025 21:00;159,93
07.08.2025 22:00;129,04
07.08.2025 23:00;85,87
08.08.2025 00:00;37,5
08.08.2025 01:00;19,04
08.08.2025 02:00;12,64
08.08.2025 03:00;4,03
08.08.2025 04:00;4,18
08.08.2025 05:00;9,91
08.08.2025 06:00;58,41
08.08.2025 07:00;59,2
08.08.2025 08:00;89,71
08.08.2025 09:00;90,42
08.08.2025 10:00;67,13
08.08.2025 11:00;50,63
08.08.2025 12:00;49,99
08.08.2025 13:00;87,58
08.08.2025 14:00;84,92
08.08.2025 15:00;84,92
08.08.2025 16:00;114,64
08.08.2025 17:00;65,06
08.08.2025 18:00;77,06
08.08.2025 19:00;105,78
08.08.2025 20:00;150,16
08.08.2025 21:00;159,5
08.08.2025 22:00;159,51
08.08.2025 23:00;64,84
09.08.2025 00:00;16,23
09.08.2025 01:00;103,47
09.08.2025 02:00;103,47
09.08.2025 03:00;60,03
09.08.2025 04:00;40
09.08.2025 05:00;40
09.08.2025 06:00;40
09.08.2025 07:00;5,86
09.08.2025 08:00;17,01
09.08.2025 09:00;38,11
09.08.2025 10:00;14
09.08.2025 11:00;0,18
09.08.2025 12:00;0
09.08.2025 13:00;0,7
09.08.2025 14:00;-0,06
09.08.2025 15:00;0,06
09.08.2025 16:00;1,5
09.08.2025 17:00;1,65
09.08.2025 18:00;34,17
09.08.2025 19:00;111,16
09.08.2025 20:00;137,27
09.08.2025 21:00;146,34
09.08.2025 22:00;124,92
09.08.2025 23:00;111,56
10.08.2025 00:00;95,82
10.08.2025 01:00;39,51
10.08.2025 02:00;3,9
10.08.2025 03:00;14
10.08.2025 04:00;14,87
10.08.2025 05:00;3,71
10.08.2025 06:00;4,38
10.08.2025 07:00;5,12
10.08.2025 08:00;6,8
10.08.2025 09:00;7,14
10.08.2025 10:00;2,77
10.08.2025 11:00;0,03
10.08.2025 12:00;0
10.08.2025 13:00;0,01
10.08.2025 14:00;0,02
10.08.2025 15:00;1,25
10.08.2025 16:00;8,29
10.08.2025 17:00;6
10.08.2025 18:00;26,43
10.08.2025 19:00;70
10.08.2025 20:00;68,61
10.08.2025 21:00;65,24
10.08.2025 22:00;65,95
10.08.2025 23:00;69,3
11.08.2025 00:00;69,77
11.08.2025 01:00;20,83
11.08.2025 02:00;20,77
11.08.2025 03:00;20,77
11.08.2025 04:00;20,76
11.08.2025 05:00;20,75
11.08.2025 06:00;21,01
11.08.2025 07:00;88,31
11.08.2025 08:00;93,27
11.08.2025 09:00;105
11.08.2025 10:00;81,75
11.08.2025 11:00;37,27
11.08.2025 12:00;30,69
11.08.2025 13:00;28,01
11.08.2025 14:00;27,99
11.08.2025 15:00;21,08
11.08.2025 16:00;40,04
11.08.2025 17:00;58,04
11.08.2025 18:00;97,92
11.08.2025 19:00;121,31
11.08.2025 20:00;167,76
11.08.2025 21:00;199,57
11.08.2025 22:00;141,08
11.08.2025 23:00;108,87
12.08.2025 00:00;95,87
12.08.2025 01:00;99,07
12.08.2025 02:00;89,67
12.08.2025 03:00;85,56
12.08.2025 04:00;88,94
12.08.2025 05:00;50
12.08.2025 06:00;94,99
12.08.2025 07:00;108,46
12.08.2025 08:00;105,36
12.08.2025 09:00;98,2
12.08.2025 10:00;90,7
12.08.2025 11:00;111,8
12.08.2025 12:00;91,28
12.08.2025 13:00;71,25
12.08.2025 14:00;77,65
12.08.2025 15:00;86,76
12.08.2025 16:00;107,87
12.08.2025 17:00;99,72
12.08.2025 18:00;100,66
12.08.2025 19:00;137,23
12.08.2025 20:00;190
12.08.2025 21:00;178,41
12.08.2025 22:00;148,76
12.08.2025 23:00;111,95
13.08.2025 00:00;97,72
13.08.2025 01:00;110,32
13.08.2025 02:00;103,79
13.08.2025 03:00;97,13
13.08.2025 04:00;73,09
13.08.2025 05:00;94,3
13.08.2025 06:00;100,91
13.08.2025 07:00;138,24
13.08.2025 08:00;185,9
13.08.2025 09:00;105,86
13.08.2025 10:00;93,59
13.08.2025 11:00;89,28
13.08.2025 12:00;73,9
13.08.2025 13:00;49,99
13.08.2025 14:00;38,07
13.08.2025 15:00;42,98
13.08.2025 16:00;70,9
13.08.2025 17:00;83,79
13.08.2025 18:00;106,91
13.08.2025 19:00;138,44
13.08.2025 20:00;227,6
13.08.2025 21:00;260,92
13.08.2025 22:00;181,59
13.08.2025 23:00;123,21
14.08.2025 00:00;110,14
14.08.2025 01:00;161,46
14.08.2025 02:00;100,95
14.08.2025 03:00;97,01
14.08.2025 04:00;96,71
14.08.2025 05:00;88,42
14.08.2025 06:00;113,75
14.08.2025 07:00;119,93
14.08.2025 08:00;120,75
14.08.2025 09:00;107,93
14.08.2025 10:00;91,77
14.08.2025 11:00;84,2
14.08.2025 12:00;78,05
14.08.2025 13:00;78,08
14.08.2025 14:00;49,97
14.08.2025 15:00;60,06
14.08.2025 16:00;79,76
14.08.2025 17:00;91,94
14.08.2025 18:00;112,65
14.08.2025 19:00;152,46
14.08.2025 20:00;250,08
14.08.2025 21:00;301,88
14.08.2025 22:00;166,45
14.08.2025 23:00;121,01
15.08.2025 00:00;113,14
15.08.2025 01:00;144,01
15.08.2025 02:00;108,88
15.08.2025 03:00;100,97
15.08.2025 04:00;94,91
15.08.2025 05:00;99,87
15.08.2025 06:00;102,94
15.08.2025 07:00;108,03
15.08.2025 08:00;104,8
15.08.2025 09:00;47,15
15.08.2025 10:00;20,75
15.08.2025 11:00;4,51
15.08.2025 12:00;3,01
15.08.2025 13:00;1,06
15.08.2025 14:00;0,6
15.08.2025 15:00;0,01
15.08.2025 16:00;0,53
15.08.2025 17:00;20,71
15.08.2025 18:00;20,83
15.08.2025 19:00;114,12
15.08.2025 20:00;126,17
15.08.2025 21:00;135,71
15.08.2025 22:00;113,44
15.08.2025 23:00;21,02
16.08.2025 00:00;20,84
16.08.2025 01:00;20,78
16.08.2025 02:00;20,77
16.08.2025 03:00;20,77
16.08.2025 04:00;20,76
16.08.2025 05:00;20,76
16.08.2025 06:00;20,76
16.08.2025 07:00;20,76
16.08.2025 08:00;4,6
16.08.2025 09:00;2,77
16.08.2025 10:00;2,78
16.08.2025 11:00;3,51
16.08.2025 12:00;2,92
16.08.2025 13:00;0,44
16.08.2025 14:00;0,01
16.08.2025 15:00;0,04
16.08.2025 16:00;0,04
16.08.2025 17:00;3,5
16.08.2025 18:00;8
16.08.2025 19:00;20,83
16.08.2025 20:00;20,84
16.08.2025 21:00;20,84
16.08.2025 22:00;20,84
16.08.2025 23:00;21,02
17.08.2025 00:00;20,84
17.08.2025 01:00;20,77
17.08.2025 02:00;20,77
17.08.2025 03:00;20,78
17.08.2025 04:00;20,78
17.08.2025 05:00;36,8
17.08.2025 06:00;29,84
17.08.2025 07:00;20,84
17.08.2025 08:00;2,99
17.08.2025 09:00;3,56
17.08.2025 10:00;3,13
17.08.2025 11:00;2,24
17.08.2025 12:00;1,6
17.08.2025 13:00;0,71
17.08.2025 14:00;0,02
17.08.2025 15:00;1,26
17.08.2025 16:00;2,43
17.08.2025 17:00;4,99
17.08.2025 18:00;21,07
17.08.2025 19:00;94,56
17.08.2025 20:00;109,77
17.08.2025 21:00;111,22
17.08.2025 22:00;110,3
17.08.2025 23:00;105,38
18.08.2025 00:00;102,3
18.08.2025 01:00;91,57
18.08.2025 02:00;25
18.08.2025 03:00;21,08
18.08.2025 04:00;21,01
18.08.2025 05:00;35
18.08.2025 06:00;99,04
18.08.2025 07:00;163
18.08.2025 08:00;181,2
18.08.2025 09:00;163,01
18.08.2025 10:00;122,12
18.08.2025 11:00;109,28
18.08.2025 12:00;107,82
18.08.2025 13:00;104,75
18.08.2025 14:00;80
18.08.2025 15:00;64,6
18.08.2025 16:00;62,78
18.08.2025 17:00;71,56
18.08.2025 18:00;93,6
18.08.2025 19:00;111,48
18.08.2025 20:00;193,25
18.08.2025 21:00;196,84
18.08.2025 22:00;126,58
18.08.2025 23:00;105,23
19.08.2025 00:00;20,83
19.08.2025 01:00;20,75
19.08.2025 02:00;21,08
19.08.2025 03:00;21,08
19.08.2025 04:00;20,84
19.08.2025 05:00;21,02
19.08.2025 06:00;21,02
19.08.2025 07:00;109,01
19.08.2025 08:00;40
19.08.2025 09:00;6,16
19.08.2025 10:00;3,99
19.08.2025 11:00;3,73
19.08.2025 12:00;5
19.08.2025 13:00;5,92
19.08.2025 14:00;5,07
19.08.2025 15:00;6,05
19.08.2025 16:00;6,04
19.08.2025 17:00;60,6
19.08.2025 18:00;92,01
19.08.2025 19:00;103,46
19.08.2025 20:00;121,44
19.08.2025 21:00;126,81
19.08.2025 22:00;109,14
19.08.2025 23:00;90,79
20.08.2025 00:00;79,23
20.08.2025 01:00;97,6
20.08.2025 02:00;93,04
20.08.2025 03:00;87,56
20.08.2025 04:00;85,63
20.08.2025 05:00;89,68
20.08.2025 06:00;98,84
20.08.2025 07:00;109,46
20.08.2025 08:00;109,85
20.08.2025 09:00;102,98
20.08.2025 10:00;69,17
20.08.2025 11:00;21,43
20.08.2025 12:00;25
20.08.2025 13:00;17,87
20.08.2025 14:00;19,08
20.08.2025 15:00;19,87
20.08.2025 16:00;37,51
20.08.2025 17:00;80,94
20.08.2025 18:00;104,95
20.08.2025 19:00;163
20.08.2025 20:00;399,99
20.08.2025 21:00;300
20.08.2025 22:00;200
20.08.2025 23:00;163,01
21.08.2025 00:00;163
21.08.2025 01:00;97,5
21.08.2025 02:00;89,37
21.08.2025 03:00;63,93
21.08.2025 04:00;62,21
21.08.2025 05:00;67,18
21.08.2025 06:00;145,66
21.08.2025 07:00;240
21.08.2025 08:00;258,21
21.08.2025 09:00;113,5
21.08.2025 10:00;162,06
21.08.2025 11:00;149,94
21.08.2025 12:00;113,35
21.08.2025 13:00;117,42
21.08.2025 14:00;123,34
21.08.2025 15:00;114,64
21.08.2025 16:00;115,51
21.08.2025 17:00;159,51
21.08.2025 18:00;192,49
21.08.2025 19:00;269,88
21.08.2025 20:00;249,79
21.08.2025 21:00;179,88
21.08.2025 22:00;187,15
21.08.2025 23:00;132,63
22.08.2025 00:00;101,68
22.08.2025 01:00;100,02
22.08.2025 02:00;83,25
22.08.2025 03:00;79,98
22.08.2025 04:00;76,35
22.08.2025 05:00;81,55
22.08.2025 06:00;147,91
22.08.2025 07:00;196,65
22.08.2025 08:00;215,06
22.08.2025 09:00;299,84
22.08.2025 10:00;311,18
22.08.2025 11:00;248,51
22.08.2025 12:00;244,05
22.08.2025 13:00;175,77
22.08.2025 14:00;156,09
22.08.2025 15:00;199,9
22.08.2025 16:00;226,12
22.08.2025 17:00;284,77
22.08.2025 18:00;349,36
22.08.2025 19:00;467,22
22.08.2025 20:00;329,14
22.08.2025 21:00;257,81
22.08.2025 22:00;249,83
22.08.2025 23:00;120,02
23.08.2025 00:00;94,37
23.08.2025 01:00;82,48
23.08.2025 02:00;79,78
23.08.2025 03:00;78,18
23.08.2025 04:00;79,92
23.08.2025 05:00;83,13
23.08.2025 06:00;85,55
23.08.2025 07:00;86,63
23.08.2025 08:00;86,77
23.08.2025 09:00;95,42
23.08.2025 10:00;90,48
23.08.2025 11:00;81,06
23.08.2025 12:00;45,06
23.08.2025 13:00;28,78
23.08.2025 14:00;22,19
23.08.2025 15:00;20,84
23.08.2025 16:00;45,08
23.08.2025 17:00;87,44
23.08.2025 18:00;97,05
23.08.2025 19:00;115,38
23.08.2025 20:00;128,73
23.08.2025 21:00;127,43
23.08.2025 22:00;120,38
23.08.2025 23:00;111,16
24.08.2025 00:00;88,75
24.08.2025 01:00;86,93
24.08.2025 02:00;83,68
24.08.2025 03:00;81,91
24.08.2025 04:00;90,95
24.08.2025 05:00;80
24.08.2025 06:00;78,25
24.08.2025 07:00;90
24.08.2025 08:00;84,93
24.08.2025 09:00;55,55
24.08.2025 10:00;20,64
24.08.2025 11:00;25,09
24.08.2025 12:00;70,9
24.08.2025 13:00;63,01
24.08.2025 14:00;35,03
24.08.2025 15:00;27,99
24.08.2025 16:00;26,93
24.08.2025 17:00;30,08
24.08.2025 18:00;76,18
24.08.2025 19:00;100,68
24.08.2025 20:00;110,61
24.08.2025 21:00;107,25
24.08.2025 22:00;106,75
24.08.2025 23:00;53,73
25.08.2025 00:00;20,75
25.08.2025 01:00;6,28
25.08.2025 02:00;4,61
25.08.2025 03:00;4,6
25.08.2025 04:00;4,31
25.08.2025 05:00;20,78
25.08.2025 06:00;101,96
25.08.2025 07:00;101,75
25.08.2025 08:00;123,79
25.08.2025 09:00;115,93
25.08.2025 10:00;97,17
25.08.2025 11:00;74,57
25.08.2025 12:00;35,02
25.08.2025 13:00;20,89
25.08.2025 14:00;12,43
25.08.2025 15:00;11,13
25.08.2025 16:00;20,84
25.08.2025 17:00;55,39
25.08.2025 18:00;87,71
25.08.2025 19:00;106,1
25.08.2025 20:00;151,79
25.08.2025 21:00;229,13
25.08.2025 22:00;137,61
25.08.2025 23:00;112,26
26.08.2025 00:00;101,89
26.08.2025 01:00;103,15
26.08.2025 02:00;97,76
26.08.2025 03:00;94,17
26.08.2025 04:00;92,04
26.08.2025 05:00;93,96
26.08.2025 06:00;105,78
26.08.2025 07:00;127,87
26.08.2025 08:00;236,71
26.08.2025 09:00;150,03
26.08.2025 10:00;113,38
26.08.2025 11:00;93,22
26.08.2025 12:00;76,52
26.08.2025 13:00;61,41
26.08.2025 14:00;57,88
26.08.2025 15:00;70,25
26.08.2025 16:00;82,76
26.08.2025 17:00;98,8
26.08.2025 18:00;118,9
26.08.2025 19:00;135,98
26.08.2025 20:00;194,69
26.08.2025 21:00;199,46
26.08.2025 22:00;128,15
26.08.2025 23:00;110,13
27.08.2025 00:00;99,94
27.08.2025 01:00;98,98
27.08.2025 02:00;90,67
27.08.2025 03:00;87,59
27.08.2025 04:00;88,33
27.08.2025 05:00;90,75
27.08.2025 06:00;98,53
27.08.2025 07:00;146,91
27.08.2025 08:00;116,05
27.08.2025 09:00;113,64
27.08.2025 10:00;101,16
27.08.2025 11:00;90,61
27.08.2025 12:00;84,95
27.08.2025 13:00;66,44
27.08.2025 14:00;72,13
27.08.2025 15:00;81,69
27.08.2025 16:00;80,01
27.08.2025 17:00;89,51
27.08.2025 18:00;105,87
27.08.2025 19:00;133,89
27.08.2025 20:00;219,61
27.08.2025 21:00;219,33
27.08.2025 22:00;128,19
27.08.2025 23:00;113,52
28.08.2025 00:00;102,83
28.08.2025 01:00;94,8
28.08.2025 02:00;89,74
28.08.2025 03:00;86,08
28.08.2025 04:00;85,41
28.08.2025 05:00;88,07
28.08.2025 06:00;98,86
28.08.2025 07:00;167,63
28.08.2025 08:00;190,08
28.08.2025 09:00;147,49
28.08.2025 10:00;124,84
28.08.2025 11:00;112,27
28.08.2025 12:00;108,13
28.08.2025 13:00;101,38
28.08.2025 14:00;100,46
28.08.2025 15:00;100,89
28.08.2025 16:00;110,77
28.08.2025 17:00;135,3
28.08.2025 18:00;250,06
28.08.2025 19:00;450
28.08.2025 20:00;250,02
28.08.2025 21:00;151,56
28.08.2025 22:00;121,79
28.08.2025 23:00;103,8
29.08.2025 00:00;89,83
29.08.2025 01:00;83,98
29.08.2025 02:00;81,3
29.08.2025 03:00;80,2
29.08.2025 04:00;78,52
29.08.2025 05:00;71,71
29.08.2025 06:00;97,53
29.08.2025 07:00;114,81
29.08.2025 08:00;119,99
29.08.2025 09:00;120
29.08.2025 10:00;120,42
29.08.2025 11:00;114,04
29.08.2025 12:00;100,17
29.08.2025 13:00;88,02
29.08.2025 14:00;103,32
29.08.2025 15:00;101,66
29.08.2025 16:00;108,46
29.08.2025 17:00;116,3
29.08.2025 18:00;117,57
29.08.2025 19:00;160,98
29.08.2025 20:00;175,74
29.08.2025 21:00;190,97
29.08.2025 22:00;139,94
29.08.2025 23:00;108,96
30.08.2025 00:00;86,63
30.08.2025 01:00;91,13
30.08.2025 02:00;87,13
30.08.2025 03:00;83,96
30.08.2025 04:00;81,7
30.08.2025 05:00;84,21
30.08.2025 06:00;87,98
30.08.2025 07:00;93,44
30.08.2025 08:00;95,69
30.08.2025 09:00;87,8
30.08.2025 10:00;73,44
30.08.2025 11:00;37,1
30.08.2025 12:00;25,05
30.08.2025 13:00;23,05
30.08.2025 14:00;32,7
30.08.2025 15:00;44,29
30.08.2025 16:00;80,2
30.08.2025 17:00;60,1
30.08.2025 18:00;124,3
30.08.2025 19:00;117,78
30.08.2025 20:00;129,89
30.08.2025 21:00;137,44
30.08.2025 22:00;121,99
30.08.2025 23:00;106,99
31.08.2025 00:00;90,21
31.08.2025 01:00;88,53
31.08.2025 02:00;78,47
31.08.2025 03:00;70,15
31.08.2025 04:00;66,62
31.08.2025 05:00;63,3
31.08.2025 06:00;66,17
31.08.2025 07:00;66,76
31.08.2025 08:00;63,58
31.08.2025 09:00;99,07
31.08.2025 10:00;91,31
31.08.2025 11:00;86,21
31.08.2025 12:00;78,45
31.08.2025 13:00;91,38
31.08.2025 14:00;99,98
31.08.2025 15:00;100,95
31.08.2025 16:00;95,28
31.08.2025 17:00;95,01
31.08.2025 18:00;137,9
31.08.2025 19:00;155,3
31.08.2025 20:00;146,86
31.08.2025 21:00;141,71
31.08.2025 22:00;141,31
31.08.2025 23:00;106,17
01.09.2025 00:00;96,06
01.09.2025 01:00;95,75
01.09.2025 02:00;93,87
01.09.2025 03:00;83,56
01.09.2025 04:00;89,55
01.09.2025 05:00;91,97
01.09.2025 06:00;155,4
01.09.2025 07:00;175,01
01.09.2025 08:00;215,05
01.09.2025 09:00;175,01
01.09.2025 10:00;120
01.09.2025 11:00;81,7
01.09.2025 12:00;68,93
01.09.2025 13:00;66,76
01.09.2025 14:00;63,2
01.09.2025 15:00;61,1
01.09.2025 16:00;69,45
01.09.2025 17:00;85,23
01.09.2025 18:00;130,76
01.09.2025 19:00;175,73
01.09.2025 20:00;243,85
01.09.2025 21:00;199,53
01.09.2025 22:00;126,24
01.09.2025 23:00;111,63
02.09.2025 00:00;89,77
02.09.2025 01:00;93,49
02.09.2025 02:00;89,98
02.09.2025 03:00;90,23
02.09.2025 04:00;93,53
02.09.2025 05:00;95,89
02.09.2025 06:00;153,8
02.09.2025 07:00;143,55
02.09.2025 08:00;152,09
02.09.2025 09:00;147,99
02.09.2025 10:00;123,33
02.09.2025 11:00;103,25
02.09.2025 12:00;91,69
02.09.2025 13:00;79,15
02.09.2025 14:00;82,66
02.09.2025 15:00;76,84
02.09.2025 16:00;91,76
02.09.2025 17:00;97,74
02.09.2025 18:00;135,24
02.09.2025 19:00;178,16
02.09.2025 20:00;299,12
02.09.2025 21:00;250,89
02.09.2025 22:00;138,92
02.09.2025 23:00;110,97
03.09.2025 00:00;96,31
03.09.2025 01:00;105,42
03.09.2025 02:00;98,16
03.09.2025 03:00;90,63
03.09.2025 04:00;88,79
03.09.2025 05:00;82,07
03.09.2025 06:00;101,77
03.09.2025 07:00;147,18
03.09.2025 08:00;142,98
03.09.2025 09:00;112,19
03.09.2025 10:00;87,12
03.09.2025 11:00;32,88
03.09.2025 12:00;9,02
03.09.2025 13:00;7,47
03.09.2025 14:00;5,94
03.09.2025 15:00;11,95
03.09.2025 16:00;21,01
03.09.2025 17:00;111,9
03.09.2025 18:00;127,66
03.09.2025 19:00;161,59
03.09.2025 20:00;293,35
03.09.2025 21:00;244,45
03.09.2025 22:00;139,7
03.09.2025 23:00;108,66
04.09.2025 00:00;100,48
04.09.2025 01:00;173,6
04.09.2025 02:00;83,99
04.09.2025 03:00;40,01
04.09.2025 04:00;44,12
04.09.2025 05:00;152,15
04.09.2025 06:00;150,52
04.09.2025 07:00;280
04.09.2025 08:00;295,67
04.09.2025 09:00;111,54
04.09.2025 10:00;78,15
04.09.2025 11:00;41,11
04.09.2025 12:00;5,79
04.09.2025 13:00;4,05
04.09.2025 14:00;3,43
04.09.2025 15:00;31,62
04.09.2025 16:00;73,75
04.09.2025 17:00;99,65
04.09.2025 18:00;162,63
04.09.2025 19:00;189,86
04.09.2025 20:00;343,28
04.09.2025 21:00;285,34
04.09.2025 22:00;147,55
04.09.2025 23:00;113,24
05.09.2025 00:00;104,79
05.09.2025 01:00;139,36
05.09.2025 02:00;87,36
05.09.2025 03:00;84,95
05.09.2025 04:00;84,73
05.09.2025 05:00;84,93
05.09.2025 06:00;183,8
05.09.2025 07:00;190
05.09.2025 08:00;142
05.09.2025 09:00;125,17
05.09.2025 10:00;99,93
05.09.2025 11:00;83,82
05.09.2025 12:00;82,04
05.09.2025 13:00;76,69
05.09.2025 14:00;72,73
05.09.2025 15:00;69,67
05.09.2025 16:00;79,25
05.09.2025 17:00;102,41
05.09.2025 18:00;157,96
05.09.2025 19:00;170,26
05.09.2025 20:00;171,35
05.09.2025 21:00;144,45
05.09.2025 22:00;112,44
05.09.2025 23:00;103,61
06.09.2025 00:00;85,12
06.09.2025 01:00;78,08
06.09.2025 02:00;76,49
06.09.2025 03:00;89,39
06.09.2025 04:00;98,8
06.09.2025 05:00;97,91
06.09.2025 06:00;98,9
06.09.2025 07:00;102,44
06.09.2025 08:00;100,66
06.09.2025 09:00;72,52
06.09.2025 10:00;55,3
06.09.2025 11:00;29,44
06.09.2025 12:00;9,35
06.09.2025 13:00;13,84
06.09.2025 14:00;15,01
06.09.2025 15:00;20,01
06.09.2025 16:00;42,57
06.09.2025 17:00;42,3
06.09.2025 18:00;221,53
06.09.2025 19:00;125,35
06.09.2025 20:00;187,4
06.09.2025 21:00;151,58
06.09.2025 22:00;115,15
06.09.2025 23:00;109,08
07.09.2025 00:00;89,7
07.09.2025 01:00;88,81
07.09.2025 02:00;84,62
07.09.2025 03:00;80,38
07.09.2025 04:00;83,01
07.09.2025 05:00;82,54
07.09.2025 06:00;82,31
07.09.2025 07:00;80,76
07.09.2025 08:00;55,11
07.09.2025 09:00;10,89
07.09.2025 10:00;6,83
07.09.2025 11:00;8,91
07.09.2025 12:00;7,5
07.09.2025 13:00;3,72
07.09.2025 14:00;3,78
07.09.2025 15:00;3,67
07.09.2025 16:00;6,88
07.09.2025 17:00;20
07.09.2025 18:00;189,99
07.09.2025 19:00;139
07.09.2025 20:00;190
07.09.2025 21:00;190,62
07.09.2025 22:00;141,94
07.09.2025 23:00;130
08.09.2025 00:00;83,66
08.09.2025 01:00;93,23
08.09.2025 02:00;75,49
08.09.2025 03:00;85,64
08.09.2025 04:00;84,31
08.09.2025 05:00;85,91
08.09.2025 06:00;180,18
08.09.2025 07:00;221,61
08.09.2025 08:00;158,02
08.09.2025 09:00;126,45
08.09.2025 10:00;101,92
08.09.2025 11:00;88,06
08.09.2025 12:00;81,5
08.09.2025 13:00;71,22
08.09.2025 14:00;66,23
08.09.2025 15:00;73,93
08.09.2025 16:00;79,98
08.09.2025 17:00;101,52
08.09.2025 18:00;155,21
08.09.2025 19:00;253,09
08.09.2025 20:00;386,48
08.09.2025 21:00;287,09
08.09.2025 22:00;145,23
08.09.2025 23:00;97,86
09.09.2025 00:00;92,64
09.09.2025 01:00;102,7
09.09.2025 02:00;103,25
09.09.2025 03:00;101,26
09.09.2025 04:00;102,46
09.09.2025 05:00;101,79
09.09.2025 06:00;110,91
09.09.2025 07:00;184,03
09.09.2025 08:00;276,84
09.09.2025 09:00;196,85
09.09.2025 10:00;128,75
09.09.2025 11:00;102,63
09.09.2025 12:00;95,98
09.09.2025 13:00;85,16
09.09.2025 14:00;85
09.09.2025 15:00;87,98
09.09.2025 16:00;95,5
09.09.2025 17:00;106,37
09.09.2025 18:00;144,31
09.09.2025 19:00;197,77
09.09.2025 20:00;369,37
09.09.2025 21:00;197,07
09.09.2025 22:00;129,64
09.09.2025 23:00;77,77
10.09.2025 00:00;73,18
10.09.2025 01:00;61,2
10.09.2025 02:00;52,9
10.09.2025 03:00;50,42
10.09.2025 04:00;43,14
10.09.2025 05:00;40,01
10.09.2025 06:00;91,99
10.09.2025 07:00;133,43
10.09.2025 08:00;220,04
10.09.2025 09:00;177,03
10.09.2025 10:00;130,05
10.09.2025 11:00;100,85
10.09.2025 12:00;61,5
10.09.2025 13:00;34,25
10.09.2025 14:00;33
10.09.2025 15:00;32,57
10.09.2025 16:00;61,29
10.09.2025 17:00;97,51
10.09.2025 18:00;129,56
10.09.2025 19:00;176,14
10.09.2025 20:00;250,37
10.09.2025 21:00;154,24
10.09.2025 22:00;83,77
10.09.2025 23:00;56,89
11.09.2025 00:00;20,84
11.09.2025 01:00;20,69
11.09.2025 02:00;20,63
11.09.2025 03:00;16,48
11.09.2025 04:00;9,92
11.09.2025 05:00;20,69
11.09.2025 06:00;39,97
11.09.2025 07:00;56,37
11.09.2025 08:00;111,96
11.09.2025 09:00;49,79
11.09.2025 10:00;30,95
11.09.2025 11:00;7,99
11.09.2025 12:00;5
11.09.2025 13:00;4
11.09.2025 14:00;2,95
11.09.2025 15:00;3,06
11.09.2025 16:00;18,08
11.09.2025 17:00;20,7
11.09.2025 18:00;50,1
11.09.2025 19:00;114,44
11.09.2025 20:00;128,7
11.09.2025 21:00;119,8
11.09.2025 22:00;80
11.09.2025 23:00;69,78
12.09.2025 00:00;21,02
12.09.2025 01:00;21,07
12.09.2025 02:00;21,02
12.09.2025 03:00;20,76
12.09.2025 04:00;20,75
12.09.2025 05:00;26,54
12.09.2025 06:00;100
12.09.2025 07:00;166,1
12.09.2025 08:00;234,57
12.09.2025 09:00;220,4
12.09.2025 10:00;78,34
12.09.2025 11:00;78,55
12.09.2025 12:00;72,8
12.09.2025 13:00;57,73
12.09.2025 14:00;57,73
12.09.2025 15:00;57,73
12.09.2025 16:00;72,79
12.09.2025 17:00;79,54
12.09.2025 18:00;165,39
12.09.2025 19:00;194,91
12.09.2025 20:00;300
12.09.2025 21:00;194,63
12.09.2025 22:00;134,14
12.09.2025 23:00;114,28
13.09.2025 00:00;86,7
13.09.2025 01:00;103,93
13.09.2025 02:00;60,06
13.09.2025 03:00;73,31
13.09.2025 04:00;74,23
13.09.2025 05:00;100,92
13.09.2025 06:00;105,93
13.09.2025 07:00;102,9
13.09.2025 08:00;89,39
13.09.2025 09:00;72,3
13.09.2025 10:00;21,07
13.09.2025 11:00;10,96
13.09.2025 12:00;4,47
13.09.2025 13:00;3,81
13.09.2025 14:00;3,41
13.09.2025 15:00;3,5
13.09.2025 16:00;11,94
13.09.2025 17:00;99,98
13.09.2025 18:00;158,95
13.09.2025 19:00;168,91
13.09.2025 20:00;194,58
13.09.2025 21:00;151,21
13.09.2025 22:00;123,2
13.09.2025 23:00;100,47
14.09.2025 00:00;56,46
14.09.2025 01:00;50,9
14.09.2025 02:00;33,27
14.09.2025 03:00;33,11
14.09.2025 04:00;36,47
14.09.2025 05:00;37,48
14.09.2025 06:00;41,79
14.09.2025 07:00;57,92
14.09.2025 08:00;64,8
14.09.2025 09:00;89,17
14.09.2025 10:00;84,72
14.09.2025 11:00;45,52
14.09.2025 12:00;18,03
14.09.2025 13:00;20,01
14.09.2025 14:00;23,76
14.09.2025 15:00;22,24
14.09.2025 16:00;60,01
14.09.2025 17:00;21,08
14.09.2025 18:00;107,5
14.09.2025 19:00;135,13
14.09.2025 20:00;156,18
14.09.2025 21:00;134,57
14.09.2025 22:00;96,63
14.09.2025 23:00;69,88
15.09.2025 00:00;20,64
15.09.2025 01:00;18,27
15.09.2025 02:00;9,21
15.09.2025 03:00;5,04
15.09.2025 04:00;4,62
15.09.2025 05:00;12,23
15.09.2025 06:00;43,68
15.09.2025 07:00;138,95
15.09.2025 08:00;213,65
15.09.2025 09:00;136,24
15.09.2025 10:00;71,1
15.09.2025 11:00;36,8
15.09.2025 12:00;71,1
15.09.2025 13:00;24,06
15.09.2025 14:00;20,79
15.09.2025 15:00;30,01
15.09.2025 16:00;115,89
15.09.2025 17:00;84,22
15.09.2025 18:00;153,89
15.09.2025 19:00;186,47
15.09.2025 20:00;207,64
15.09.2025 21:00;71,1
15.09.2025 22:00;20,7
15.09.2025 23:00;3,51
16.09.2025 00:00;3,5
16.09.2025 01:00;3,51
16.09.2025 02:00;3,51
16.09.2025 03:00;11,97
16.09.2025 04:00;20,63
16.09.2025 05:00;20,78
16.09.2025 06:00;53,86
16.09.2025 07:00;80,68
16.09.2025 08:00;117,64
16.09.2025 09:00;96,09
16.09.2025 10:00;62,77
16.09.2025 11:00;26,74
16.09.2025 12:00;20,78
16.09.2025 13:00;12,5
16.09.2025 14:00;9,68
16.09.2025 15:00;10,01
16.09.2025 16:00;20,63
16.09.2025 17:00;20,83
16.09.2025 18:00;80,5
16.09.2025 19:00;92,3
16.09.2025 20:00;131,56
16.09.2025 21:00;74,79
16.09.2025 22:00;25,48
16.09.2025 23:00;31,41
17.09.2025 00:00;20,84
17.09.2025 01:00;20,84
17.09.2025 02:00;20,84
17.09.2025 03:00;20,84
17.09.2025 04:00;20,84
17.09.2025 05:00;21,02
17.09.2025 06:00;32,02
17.09.2025 07:00;57,69
17.09.2025 08:00;96,17
17.09.2025 09:00;93,07
17.09.2025 10:00;81,19
17.09.2025 11:00;64,2
17.09.2025 12:00;53,41
17.09.2025 13:00;59,68
17.09.2025 14:00;77,01
17.09.2025 15:00;79,42
17.09.2025 16:00;94,27
17.09.2025 17:00;83,77
17.09.2025 18:00;127,54
17.09.2025 19:00;145,7
17.09.2025 20:00;183,95
17.09.2025 21:00;122,78
17.09.2025 22:00;89,55
17.09.2025 23:00;69,03
18.09.2025 00:00;38,96
18.09.2025 01:00;29,27
18.09.2025 02:00;40
18.09.2025 03:00;20,7
18.09.2025 04:00;20,76
18.09.2025 05:00;49,29
18.09.2025 06:00;76,02
18.09.2025 07:00;135,98
18.09.2025 08:00;119,83
18.09.2025 09:00;113,86
18.09.2025 10:00;91,4
18.09.2025 11:00;66,92
18.09.2025 12:00;63,92
18.09.2025 13:00;39,58
18.09.2025 14:00;45
18.09.2025 15:00;57,19
18.09.2025 16:00;30,9
18.09.2025 17:00;108,9
18.09.2025 18:00;146,41
18.09.2025 19:00;150
18.09.2025 20:00;164,45
18.09.2025 21:00;107,24
18.09.2025 22:00;103,12
18.09.2025 23:00;58,6
19.09.2025 00:00;38,91
19.09.2025 01:00;74,25
19.09.2025 02:00;74,45
19.09.2025 03:00;70,72
19.09.2025 04:00;61,24
19.09.2025 05:00;70,51
19.09.2025 06:00;85,02
19.09.2025 07:00;119,55
19.09.2025 08:00;142,17
19.09.2025 09:00;119,99
19.09.2025 10:00;98,99
19.09.2025 11:00;101,06
19.09.2025 12:00;100,01
19.09.2025 13:00;88,45
19.09.2025 14:00;86,27
19.09.2025 15:00;85,92
19.09.2025 16:00;82,4
19.09.2025 17:00;77,21
19.09.2025 18:00;119,59
19.09.2025 19:00;257,89
19.09.2025 20:00;299,94
19.09.2025 21:00;142,71
19.09.2025 22:00;111,05
19.09.2025 23:00;76
20.09.2025 00:00;49,99
20.09.2025 01:00;4,75
20.09.2025 02:00;20,03
20.09.2025 03:00;3,61
20.09.2025 04:00;3,16
20.09.2025 05:00;2,96
20.09.2025 06:00;3
20.09.2025 07:00;3,42
20.09.2025 08:00;3,91
20.09.2025 09:00;12,11
20.09.2025 10:00;18,56
20.09.2025 11:00;3,12
20.09.2025 12:00;2,41
20.09.2025 13:00;1,7
20.09.2025 14:00;0,96
20.09.2025 15:00;0,67
20.09.2025 16:00;2,2
20.09.2025 17:00;20,77
20.09.2025 18:00;30,79
20.09.2025 19:00;33,39
20.09.2025 20:00;24,47
20.09.2025 21:00;28,29
20.09.2025 22:00;28,63
20.09.2025 23:00;21,01
21.09.2025 00:00;20,78
21.09.2025 01:00;7,89
21.09.2025 02:00;3,61
21.09.2025 03:00;3,35
21.09.2025 04:00;1,65
21.09.2025 05:00;2,03
21.09.2025 06:00;2,58
21.09.2025 07:00;3,39
21.09.2025 08:00;3,72
21.09.2025 09:00;3,13
21.09.2025 10:00;1,46
21.09.2025 11:00;0,56
21.09.2025 12:00;0
21.09.2025 13:00;-0,59
21.09.2025 14:00;-1,01
21.09.2025 15:00;-2,72
21.09.2025 16:00;-1,58
21.09.2025 17:00;4,06
21.09.2025 18:00;18,75
21.09.2025 19:00;20,75
21.09.2025 20:00;20,78
21.09.2025 21:00;20,77
21.09.2025 22:00;10,95
21.09.2025 23:00;-0,01
22.09.2025 00:00;-0,02
22.09.2025 01:00;-0,01
22.09.2025 02:00;0
22.09.2025 03:00;0
22.09.2025 04:00;0
22.09.2025 05:00;0
22.09.2025 06:00;12,23
22.09.2025 07:00;36,8
22.09.2025 08:00;123,59
22.09.2025 09:00;40
22.09.2025 10:00;21,01
22.09.2025 11:00;20,84
22.09.2025 12:00;20,78
22.09.2025 13:00;20,78
22.09.2025 14:00;20,75
22.09.2025 15:00;20,77
22.09.2025 16:00;21,01
22.09.2025 17:00;80,01
22.09.2025 18:00;148
22.09.2025 19:00;161,31
22.09.2025 20:00;163
22.09.2025 21:00;127,92
22.09.2025 22:00;29,78
22.09.2025 23:00;28,86
23.09.2025 00:00;21,02
23.09.2025 01:00;3,55
23.09.2025 02:00;19,77
23.09.2025 03:00;19,82
23.09.2025 04:00;19,84
23.09.2025 05:00;19,56
23.09.2025 06:00;36,54
23.09.2025 07:00;129,31
23.09.2025 08:00;154,44
23.09.2025 09:00;49,98
23.09.2025 10:00;26
23.09.2025 11:00;15,57
23.09.2025 12:00;13,17
23.09.2025 13:00;12,63
23.09.2025 14:00;13,02
23.09.2025 15:00;5
23.09.2025 16:00;4,99
23.09.2025 17:00;20,89
23.09.2025 18:00;101,87
23.09.2025 19:00;137,51
23.09.2025 20:00;139,21
23.09.2025 21:00;114,89
23.09.2025 22:00;21,08
23.09.2025 23:00;20,83
24.09.2025 00:00;20,77
24.09.2025 01:00;20,75
24.09.2025 02:00;4,6
24.09.2025 03:00;3
24.09.2025 04:00;1,21
24.09.2025 05:00;20,75
24.09.2025 06:00;20,84
24.09.2025 07:00;124,26
24.09.2025 08:00;156,21
24.09.2025 09:00;82,48
24.09.2025 10:00;70,62
24.09.2025 11:00;44,43
24.09.2025 12:00;37,54
24.09.2025 13:00;16,22
24.09.2025 14:00;11,4
24.09.2025 15:00;13,94
24.09.2025 16:00;15,7
24.09.2025 17:00;43,2
24.09.2025 18:00;106,57
24.09.2025 19:00;127,4
24.09.2025 20:00;175,91
24.09.2025 21:00;119,62
24.09.2025 22:00;95,77
24.09.2025 23:00;68,73
25.09.2025 00:00;45,94
25.09.2025 01:00;46,49
25.09.2025 02:00;42,58
25.09.2025 03:00;39,81
25.09.2025 04:00;39,46
25.09.2025 05:00;42,39
25.09.2025 06:00;250
25.09.2025 07:00;180,91
25.09.2025 08:00;161,67
25.09.2025 09:00;123,92
25.09.2025 10:00;81,49
25.09.2025 11:00;65,91
25.09.2025 12:00;64,57
25.09.2025 13:00;33,59
25.09.2025 14:00;15,21
25.09.2025 15:00;15,3
25.09.2025 16:00;52,6
25.09.2025 17:00;96,57
25.09.2025 18:00;180,9
25.09.2025 19:00;250,03
25.09.2025 20:00;189,99
25.09.2025 21:00;123,63
25.09.2025 22:00;104,22
25.09.2025 23:00;90,26
26.09.2025 00:00;81,09
26.09.2025 01:00;127,76
26.09.2025 02:00;75,08
26.09.2025 03:00;36,92
26.09.2025 04:00;40,01
26.09.2025 05:00;75,12
26.09.2025 06:00;234,83
26.09.2025 07:00;289,99
26.09.2025 08:00;173,16
26.09.2025 09:00;118,93
26.09.2025 10:00;109,6
26.09.2025 11:00;87,7
26.09.2025 12:00;82,9
26.09.2025 13:00;75,01
26.09.2025 14:00;69,51
26.09.2025 15:00;68,97
26.09.2025 16:00;75,88
26.09.2025 17:00;100
26.09.2025 18:00;165
26.09.2025 19:00;190
26.09.2025 20:00;250,03
26.09.2025 21:00;139,7
26.09.2025 22:00;158,21
26.09.2025 23:00;96,9
27.09.2025 00:00;20,78
27.09.2025 01:00;25
27.09.2025 02:00;20,84
27.09.2025 03:00;23,16
27.09.2025 04:00;25,03
27.09.2025 05:00;24,74
27.09.2025 06:00;25,7
27.09.2025 07:00;100,97
27.09.2025 08:00;120,28
27.09.2025 09:00;109,64
27.09.2025 10:00;97,22
27.09.2025 11:00;89,37
27.09.2025 12:00;70,42
27.09.2025 13:00;54,83
27.09.2025 14:00;36,61
27.09.2025 15:00;49,36
27.09.2025 16:00;79,64
27.09.2025 17:00;100,87
27.09.2025 18:00;250
27.09.2025 19:00;299,99
27.09.2025 20:00;211,59
27.09.2025 21:00;100,99
27.09.2025 22:00;83,66
27.09.2025 23:00;50,44
28.09.2025 00:00;27,59
28.09.2025 01:00;24,87
28.09.2025 02:00;20,75
28.09.2025 03:00;13,36
28.09.2025 04:00;13,36
28.09.2025 05:00;12,78
28.09.2025 06:00;15,01
28.09.2025 07:00;12,76
28.09.2025 08:00;20,77
28.09.2025 09:00;20,76
28.09.2025 10:00;15,5
28.09.2025 11:00;29,03
28.09.2025 12:00;28,57
28.09.2025 13:00;17,11
28.09.2025 14:00;8,53
28.09.2025 15:00;13
28.09.2025 16:00;47,37
28.09.2025 17:00;60,47
28.09.2025 18:00;104,29
28.09.2025 19:00;113,66
28.09.2025 20:00;72,1
28.09.2025 21:00;20,84
28.09.2025 22:00;20,78
28.09.2025 23:00;20,76
29.09.2025 00:00;20,75
29.09.2025 01:00;20,76
29.09.2025 02:00;20,76
29.09.2025 03:00;20,76
29.09.2025 04:00;20,76
29.09.2025 05:00;20,63
29.09.2025 06:00;27,21
29.09.2025 07:00;60,8
29.09.2025 08:00;72,09
29.09.2025 09:00;21,83
29.09.2025 10:00;49,87
29.09.2025 11:00;51,97
29.09.2025 12:00;36,87
29.09.2025 13:00;31,52
29.09.2025 14:00;34,07
29.09.2025 15:00;28,65
29.09.2025 16:00;47,24
29.09.2025 17:00;72,67
29.09.2025 18:00;146,01
29.09.2025 19:00;284,19
29.09.2025 20:00;196,6
29.09.2025 21:00;72,09
29.09.2025 22:00;30,01
29.09.2025 23:00;20,78
30.09.2025 00:00;20,77
30.09.2025 01:00;20,75
30.09.2025 02:00;4,72
30.09.2025 03:00;20,71
30.09.2025 04:00;5,83
30.09.2025 05:00;20,74
30.09.2025 06:00;60,8
30.09.2025 07:00;127,6
30.09.2025 08:00;211,2
30.09.2025 09:00;86,25
30.09.2025 10:00;86,86
30.09.2025 11:00;92,82
30.09.2025 12:00;98,32
30.09.2025 13:00;86,73
30.09.2025 14:00;84,65
30.09.2025 15:00;89,05
30.09.2025 16:00;96,64
30.09.2025 17:00;123,6
30.09.2025 18:00;168,28
30.09.2025 19:00;258,93
30.09.2025 20:00;236,76
30.09.2025 21:00;121
30.09.2025 22:00;105,89
30.09.2025 23:00;61,5
Keskmine börsihind;64,85
