Ajatempel (UTC);Kuupäev (Eesti aeg);NPS Eesti
1719781200;01.07.2024 00:00;30,93
1719784800;01.07.2024 01:00;96,53
1719788400;01.07.2024 02:00;86,46
1719792000;01.07.2024 03:00;81,35
1719795600;01.07.2024 04:00;82,55
1719799200;01.07.2024 05:00;81,34
1719802800;01.07.2024 06:00;88,63
1719806400;01.07.2024 07:00;143,3
1719810000;01.07.2024 08:00;144,83
1719813600;01.07.2024 09:00;144,57
1719817200;01.07.2024 10:00;117,19
1719820800;01.07.2024 11:00;108,49
1719824400;01.07.2024 12:00;92,99
1719828000;01.07.2024 13:00;66,13
1719831600;01.07.2024 14:00;42,72
1719835200;01.07.2024 15:00;32,41
1719838800;01.07.2024 16:00;124,11
1719842400;01.07.2024 17:00;177,04
1719846000;01.07.2024 18:00;190,03
1719849600;01.07.2024 19:00;200,09
1719853200;01.07.2024 20:00;312,92
1719856800;01.07.2024 21:00;337,16
1719860400;01.07.2024 22:00;260,69
1719864000;01.07.2024 23:00;191,17
1719867600;02.07.2024 00:00;140,19
1719871200;02.07.2024 01:00;89,92
1719874800;02.07.2024 02:00;89,43
1719878400;02.07.2024 03:00;89,79
1719882000;02.07.2024 04:00;84
1719885600;02.07.2024 05:00;103,27
1719889200;02.07.2024 06:00;142,95
1719892800;02.07.2024 07:00;130,81
1719896400;02.07.2024 08:00;190,03
1719900000;02.07.2024 09:00;161,74
1719903600;02.07.2024 10:00;200,03
1719907200;02.07.2024 11:00;190,03
1719910800;02.07.2024 12:00;106,94
1719914400;02.07.2024 13:00;112,74
1719918000;02.07.2024 14:00;87,59
1719921600;02.07.2024 15:00;190,02
1719925200;02.07.2024 16:00;200,02
1719928800;02.07.2024 17:00;190,06
1719932400;02.07.2024 18:00;170,03
1719936000;02.07.2024 19:00;200,05
1719939600;02.07.2024 20:00;317,39
1719943200;02.07.2024 21:00;250
1719946800;02.07.2024 22:00;200,1
1719950400;02.07.2024 23:00;145,08
1719954000;03.07.2024 00:00;200
1719957600;03.07.2024 01:00;220,07
1719961200;03.07.2024 02:00;180,07
1719964800;03.07.2024 03:00;116,68
1719968400;03.07.2024 04:00;58,03
1719972000;03.07.2024 05:00;96,99
1719975600;03.07.2024 06:00;164,29
1719979200;03.07.2024 07:00;156,38
1719982800;03.07.2024 08:00;180,04
1719986400;03.07.2024 09:00;173,89
1719990000;03.07.2024 10:00;147,62
1719993600;03.07.2024 11:00;76,01
1719997200;03.07.2024 12:00;130,35
1720000800;03.07.2024 13:00;163,55
1720004400;03.07.2024 14:00;72
1720008000;03.07.2024 15:00;68,8
1720011600;03.07.2024 16:00;61,27
1720015200;03.07.2024 17:00;61,55
1720018800;03.07.2024 18:00;94,91
1720022400;03.07.2024 19:00;159,71
1720026000;03.07.2024 20:00;190
1720029600;03.07.2024 21:00;224,96
1720033200;03.07.2024 22:00;185,92
1720036800;03.07.2024 23:00;166,47
1720040400;04.07.2024 00:00;116,28
1720044000;04.07.2024 01:00;124,26
1720047600;04.07.2024 02:00;114,7
1720051200;04.07.2024 03:00;93,54
1720054800;04.07.2024 04:00;91,75
1720058400;04.07.2024 05:00;92,41
1720062000;04.07.2024 06:00;104,5
1720065600;04.07.2024 07:00;190
1720069200;04.07.2024 08:00;220,1
1720072800;04.07.2024 09:00;220,08
1720076400;04.07.2024 10:00;146,79
1720080000;04.07.2024 11:00;64
1720083600;04.07.2024 12:00;71,6
1720087200;04.07.2024 13:00;72,49
1720090800;04.07.2024 14:00;71,9
1720094400;04.07.2024 15:00;71,69
1720098000;04.07.2024 16:00;67,65
1720101600;04.07.2024 17:00;81,87
1720105200;04.07.2024 18:00;107,8
1720108800;04.07.2024 19:00;200
1720112400;04.07.2024 20:00;220,09
1720116000;04.07.2024 21:00;220,05
1720119600;04.07.2024 22:00;142,18
1720123200;04.07.2024 23:00;127,08
1720126800;05.07.2024 00:00;200,01
1720130400;05.07.2024 01:00;180,02
1720134000;05.07.2024 02:00;4,71
1720137600;05.07.2024 03:00;128,95
1720141200;05.07.2024 04:00;4,09
1720144800;05.07.2024 05:00;25,06
1720148400;05.07.2024 06:00;160,01
1720152000;05.07.2024 07:00;160,1
1720155600;05.07.2024 08:00;180,06
1720159200;05.07.2024 09:00;34,32
1720162800;05.07.2024 10:00;18,65
1720166400;05.07.2024 11:00;5,57
1720170000;05.07.2024 12:00;6,32
1720173600;05.07.2024 13:00;4,56
1720177200;05.07.2024 14:00;4,44
1720180800;05.07.2024 15:00;1,64
1720184400;05.07.2024 16:00;0
1720188000;05.07.2024 17:00;1,93
1720191600;05.07.2024 18:00;13,06
1720195200;05.07.2024 19:00;79,82
1720198800;05.07.2024 20:00;131,28
1720202400;05.07.2024 21:00;179,14
1720206000;05.07.2024 22:00;151,69
1720209600;05.07.2024 23:00;120,42
1720213200;06.07.2024 00:00;93,07
1720216800;06.07.2024 01:00;112,36
1720220400;06.07.2024 02:00;11,75
1720224000;06.07.2024 03:00;89,74
1720227600;06.07.2024 04:00;17,55
1720231200;06.07.2024 05:00;19,58
1720234800;06.07.2024 06:00;6,56
1720238400;06.07.2024 07:00;5,59
1720242000;06.07.2024 08:00;5,5
1720245600;06.07.2024 09:00;4,27
1720249200;06.07.2024 10:00;0,32
1720252800;06.07.2024 11:00;-0,04
1720256400;06.07.2024 12:00;-0,02
1720260000;06.07.2024 13:00;-0,03
1720263600;06.07.2024 14:00;-0,12
1720267200;06.07.2024 15:00;-0,01
1720270800;06.07.2024 16:00;0
1720274400;06.07.2024 17:00;0
1720278000;06.07.2024 18:00;1,78
1720281600;06.07.2024 19:00;1,94
1720285200;06.07.2024 20:00;102,85
1720288800;06.07.2024 21:00;92,55
1720292400;06.07.2024 22:00;52,7
1720296000;06.07.2024 23:00;17,57
1720299600;07.07.2024 00:00;6,77
1720303200;07.07.2024 01:00;-0,02
1720306800;07.07.2024 02:00;-0,1
1720310400;07.07.2024 03:00;-0,8
1720314000;07.07.2024 04:00;-0,48
1720317600;07.07.2024 05:00;-0,88
1720321200;07.07.2024 06:00;-1,76
1720324800;07.07.2024 07:00;-0,81
1720328400;07.07.2024 08:00;-0,59
1720332000;07.07.2024 09:00;-0,61
1720335600;07.07.2024 10:00;0
1720339200;07.07.2024 11:00;0
1720342800;07.07.2024 12:00;0
1720346400;07.07.2024 13:00;-0,01
1720350000;07.07.2024 14:00;-2
1720353600;07.07.2024 15:00;-2,01
1720357200;07.07.2024 16:00;-0,01
1720360800;07.07.2024 17:00;0
1720364400;07.07.2024 18:00;120,53
1720368000;07.07.2024 19:00;131,05
1720371600;07.07.2024 20:00;155,05
1720375200;07.07.2024 21:00;159,88
1720378800;07.07.2024 22:00;159,3
1720382400;07.07.2024 23:00;122,7
1720386000;08.07.2024 00:00;106
1720389600;08.07.2024 01:00;86,59
1720393200;08.07.2024 02:00;80,83
1720396800;08.07.2024 03:00;77,55
1720400400;08.07.2024 04:00;78,13
1720404000;08.07.2024 05:00;77,97
1720407600;08.07.2024 06:00;81,5
1720411200;08.07.2024 07:00;124,29
1720414800;08.07.2024 08:00;129,78
1720418400;08.07.2024 09:00;114,31
1720422000;08.07.2024 10:00;90,94
1720425600;08.07.2024 11:00;68,49
1720429200;08.07.2024 12:00;81,09
1720432800;08.07.2024 13:00;81,21
1720436400;08.07.2024 14:00;82,71
1720440000;08.07.2024 15:00;89,67
1720443600;08.07.2024 16:00;180
1720447200;08.07.2024 17:00;98,74
1720450800;08.07.2024 18:00;105,24
1720454400;08.07.2024 19:00;165,77
1720458000;08.07.2024 20:00;229,78
1720461600;08.07.2024 21:00;328,89
1720465200;08.07.2024 22:00;261,46
1720468800;08.07.2024 23:00;175,24
1720472400;09.07.2024 00:00;119,06
1720476000;09.07.2024 01:00;180,6
1720479600;09.07.2024 02:00;120,84
1720483200;09.07.2024 03:00;95,22
1720486800;09.07.2024 04:00;92,68
1720490400;09.07.2024 05:00;88,22
1720494000;09.07.2024 06:00;120,85
1720497600;09.07.2024 07:00;135,06
1720501200;09.07.2024 08:00;135,05
1720504800;09.07.2024 09:00;93,96
1720508400;09.07.2024 10:00;66,94
1720512000;09.07.2024 11:00;46,63
1720515600;09.07.2024 12:00;33,71
1720519200;09.07.2024 13:00;28,83
1720522800;09.07.2024 14:00;25,27
1720526400;09.07.2024 15:00;26,68
1720530000;09.07.2024 16:00;45,57
1720533600;09.07.2024 17:00;73,78
1720537200;09.07.2024 18:00;105,29
1720540800;09.07.2024 19:00;143,61
1720544400;09.07.2024 20:00;226,67
1720548000;09.07.2024 21:00;237,78
1720551600;09.07.2024 22:00;163,57
1720555200;09.07.2024 23:00;135,08
1720558800;10.07.2024 00:00;83,18
1720562400;10.07.2024 01:00;57,39
1720566000;10.07.2024 02:00;60,06
1720569600;10.07.2024 03:00;64,35
1720573200;10.07.2024 04:00;57,68
1720576800;10.07.2024 05:00;59,98
1720580400;10.07.2024 06:00;116,02
1720584000;10.07.2024 07:00;112,1
1720587600;10.07.2024 08:00;112,08
1720591200;10.07.2024 09:00;102,01
1720594800;10.07.2024 10:00;84,93
1720598400;10.07.2024 11:00;65
1720602000;10.07.2024 12:00;54,98
1720605600;10.07.2024 13:00;37,58
1720609200;10.07.2024 14:00;33,85
1720612800;10.07.2024 15:00;45,2
1720616400;10.07.2024 16:00;69,43
1720620000;10.07.2024 17:00;75,47
1720623600;10.07.2024 18:00;111,55
1720627200;10.07.2024 19:00;157,27
1720630800;10.07.2024 20:00;242,76
1720634400;10.07.2024 21:00;275
1720638000;10.07.2024 22:00;245,02
1720641600;10.07.2024 23:00;150,03
1720645200;11.07.2024 00:00;135,53
1720648800;11.07.2024 01:00;109,57
1720652400;11.07.2024 02:00;89,33
1720656000;11.07.2024 03:00;84,52
1720659600;11.07.2024 04:00;88,63
1720663200;11.07.2024 05:00;86,77
1720666800;11.07.2024 06:00;87,29
1720670400;11.07.2024 07:00;123,6
1720674000;11.07.2024 08:00;120,23
1720677600;11.07.2024 09:00;106,53
1720681200;11.07.2024 10:00;89,89
1720684800;11.07.2024 11:00;80,94
1720688400;11.07.2024 12:00;68,42
1720692000;11.07.2024 13:00;60,34
1720695600;11.07.2024 14:00;50
1720699200;11.07.2024 15:00;83,79
1720702800;11.07.2024 16:00;72,95
1720706400;11.07.2024 17:00;93,26
1720710000;11.07.2024 18:00;129,32
1720713600;11.07.2024 19:00;150,08
1720717200;11.07.2024 20:00;250,07
1720720800;11.07.2024 21:00;265,65
1720724400;11.07.2024 22:00;239,99
1720728000;11.07.2024 23:00;121,59
1720731600;12.07.2024 00:00;180,73
1720735200;12.07.2024 01:00;142,2
1720738800;12.07.2024 02:00;107,42
1720742400;12.07.2024 03:00;95,26
1720746000;12.07.2024 04:00;92,5
1720749600;12.07.2024 05:00;94,14
1720753200;12.07.2024 06:00;100,34
1720756800;12.07.2024 07:00;138,81
1720760400;12.07.2024 08:00;157,28
1720764000;12.07.2024 09:00;121,29
1720767600;12.07.2024 10:00;200
1720771200;12.07.2024 11:00;96,48
1720774800;12.07.2024 12:00;91,48
1720778400;12.07.2024 13:00;86,92
1720782000;12.07.2024 14:00;83,7
1720785600;12.07.2024 15:00;83,7
1720789200;12.07.2024 16:00;83,7
1720792800;12.07.2024 17:00;112,95
1720796400;12.07.2024 18:00;128,68
1720800000;12.07.2024 19:00;111,9
1720803600;12.07.2024 20:00;189,99
1720807200;12.07.2024 21:00;200,01
1720810800;12.07.2024 22:00;200,04
1720814400;12.07.2024 23:00;140,77
1720818000;13.07.2024 00:00;114,72
1720821600;13.07.2024 01:00;157,86
1720825200;13.07.2024 02:00;83,99
1720828800;13.07.2024 03:00;17,38
1720832400;13.07.2024 04:00;34,7
1720836000;13.07.2024 05:00;51,66
1720839600;13.07.2024 06:00;50,25
1720843200;13.07.2024 07:00;47,07
1720846800;13.07.2024 08:00;45,11
1720850400;13.07.2024 09:00;26,6
1720854000;13.07.2024 10:00;20,97
1720857600;13.07.2024 11:00;5,17
1720861200;13.07.2024 12:00;2,99
1720864800;13.07.2024 13:00;7,73
1720868400;13.07.2024 14:00;0,01
1720872000;13.07.2024 15:00;4,1
1720875600;13.07.2024 16:00;4,58
1720879200;13.07.2024 17:00;14,18
1720882800;13.07.2024 18:00;47,75
1720886400;13.07.2024 19:00;108,49
1720890000;13.07.2024 20:00;181,4
1720893600;13.07.2024 21:00;213,19
1720897200;13.07.2024 22:00;180,05
1720900800;13.07.2024 23:00;140
1720904400;14.07.2024 00:00;109,13
1720908000;14.07.2024 01:00;105,49
1720911600;14.07.2024 02:00;85,51
1720915200;14.07.2024 03:00;71,72
1720918800;14.07.2024 04:00;62,54
1720922400;14.07.2024 05:00;19,41
1720926000;14.07.2024 06:00;18,53
1720929600;14.07.2024 07:00;16,67
1720933200;14.07.2024 08:00;14,28
1720936800;14.07.2024 09:00;3
1720940400;14.07.2024 10:00;2,99
1720944000;14.07.2024 11:00;57,99
1720947600;14.07.2024 12:00;4,99
1720951200;14.07.2024 13:00;4,99
1720954800;14.07.2024 14:00;5
1720958400;14.07.2024 15:00;5,09
1720962000;14.07.2024 16:00;5,07
1720965600;14.07.2024 17:00;16,02
1720969200;14.07.2024 18:00;35,06
1720972800;14.07.2024 19:00;145,21
1720976400;14.07.2024 20:00;192,2
1720980000;14.07.2024 21:00;206,73
1720983600;14.07.2024 22:00;205,4
1720987200;14.07.2024 23:00;137,05
1720990800;15.07.2024 00:00;106,77
1720994400;15.07.2024 01:00;136,03
1720998000;15.07.2024 02:00;110,88
1721001600;15.07.2024 03:00;97,59
1721005200;15.07.2024 04:00;84,49
1721008800;15.07.2024 05:00;84,5
1721012400;15.07.2024 06:00;136,09
1721016000;15.07.2024 07:00;138,52
1721019600;15.07.2024 08:00;154,55
1721023200;15.07.2024 09:00;120,08
1721026800;15.07.2024 10:00;84,5
1721030400;15.07.2024 11:00;84,5
1721034000;15.07.2024 12:00;36,73
1721037600;15.07.2024 13:00;66,24
1721041200;15.07.2024 14:00;48,95
1721044800;15.07.2024 15:00;72,18
1721048400;15.07.2024 16:00;78,63
1721052000;15.07.2024 17:00;109,61
1721055600;15.07.2024 18:00;160,02
1721059200;15.07.2024 19:00;160,01
1721062800;15.07.2024 20:00;289,99
1721066400;15.07.2024 21:00;300
1721070000;15.07.2024 22:00;250,04
1721073600;15.07.2024 23:00;100,08
1721077200;16.07.2024 00:00;84,5
1721080800;16.07.2024 01:00;117,63
1721084400;16.07.2024 02:00;97,84
1721088000;16.07.2024 03:00;90,07
1721091600;16.07.2024 04:00;60,04
1721095200;16.07.2024 05:00;24,78
1721098800;16.07.2024 06:00;120
1721102400;16.07.2024 07:00;122,65
1721106000;16.07.2024 08:00;121,79
1721109600;16.07.2024 09:00;107,34
1721113200;16.07.2024 10:00;81,84
1721116800;16.07.2024 11:00;76,3
1721120400;16.07.2024 12:00;84,8
1721124000;16.07.2024 13:00;102,7
1721127600;16.07.2024 14:00;110,1
1721131200;16.07.2024 15:00;117,35
1721134800;16.07.2024 16:00;84,79
1721138400;16.07.2024 17:00;114,19
1721142000;16.07.2024 18:00;132,82
1721145600;16.07.2024 19:00;149,04
1721149200;16.07.2024 20:00;189,99
1721152800;16.07.2024 21:00;150,1
1721156400;16.07.2024 22:00;111,54
1721160000;16.07.2024 23:00;120,01
1721163600;17.07.2024 00:00;100,25
1721167200;17.07.2024 01:00;116,17
1721170800;17.07.2024 02:00;83,7
1721174400;17.07.2024 03:00;84,44
1721178000;17.07.2024 04:00;83,07
1721181600;17.07.2024 05:00;80,67
1721185200;17.07.2024 06:00;91,52
1721188800;17.07.2024 07:00;133,74
1721192400;17.07.2024 08:00;128,3
1721196000;17.07.2024 09:00;105,7
1721199600;17.07.2024 10:00;82,14
1721203200;17.07.2024 11:00;67,1
1721206800;17.07.2024 12:00;56,97
1721210400;17.07.2024 13:00;69,71
1721214000;17.07.2024 14:00;66,82
1721217600;17.07.2024 15:00;76,2
1721221200;17.07.2024 16:00;77,37
1721224800;17.07.2024 17:00;82,14
1721228400;17.07.2024 18:00;115,03
1721232000;17.07.2024 19:00;115,02
1721235600;17.07.2024 20:00;140,01
1721239200;17.07.2024 21:00;140,01
1721242800;17.07.2024 22:00;140,06
1721246400;17.07.2024 23:00;115,08
1721250000;18.07.2024 00:00;160,02
1721253600;18.07.2024 01:00;132,65
1721257200;18.07.2024 02:00;98,33
1721260800;18.07.2024 03:00;89,1
1721264400;18.07.2024 04:00;87,66
1721268000;18.07.2024 05:00;86,51
1721271600;18.07.2024 06:00;101,89
1721275200;18.07.2024 07:00;127,07
1721278800;18.07.2024 08:00;117,62
1721282400;18.07.2024 09:00;97,58
1721286000;18.07.2024 10:00;78,97
1721289600;18.07.2024 11:00;60,78
1721293200;18.07.2024 12:00;48,44
1721296800;18.07.2024 13:00;41,42
1721300400;18.07.2024 14:00;40,3
1721304000;18.07.2024 15:00;39,71
1721307600;18.07.2024 16:00;43,38
1721311200;18.07.2024 17:00;44,69
1721314800;18.07.2024 18:00;82,93
1721318400;18.07.2024 19:00;100,08
1721322000;18.07.2024 20:00;100,09
1721325600;18.07.2024 21:00;155,47
1721329200;18.07.2024 22:00;142,9
1721332800;18.07.2024 23:00;112,9
1721336400;19.07.2024 00:00;84
1721340000;19.07.2024 01:00;121,01
1721343600;19.07.2024 02:00;95,56
1721347200;19.07.2024 03:00;92,75
1721350800;19.07.2024 04:00;94,42
1721354400;19.07.2024 05:00;90,3
1721358000;19.07.2024 06:00;94,22
1721361600;19.07.2024 07:00;114,89
1721365200;19.07.2024 08:00;110,42
1721368800;19.07.2024 09:00;114,39
1721372400;19.07.2024 10:00;81,43
1721376000;19.07.2024 11:00;71,58
1721379600;19.07.2024 12:00;62,36
1721383200;19.07.2024 13:00;51,86
1721386800;19.07.2024 14:00;52,71
1721390400;19.07.2024 15:00;51,97
1721394000;19.07.2024 16:00;54,49
1721397600;19.07.2024 17:00;72,77
1721401200;19.07.2024 18:00;90,04
1721404800;19.07.2024 19:00;148,27
1721408400;19.07.2024 20:00;180,03
1721412000;19.07.2024 21:00;182,08
1721415600;19.07.2024 22:00;180,05
1721419200;19.07.2024 23:00;123,11
1721422800;20.07.2024 00:00;101,28
1721426400;20.07.2024 01:00;103,4
1721430000;20.07.2024 02:00;102
1721433600;20.07.2024 03:00;94,59
1721437200;20.07.2024 04:00;95,54
1721440800;20.07.2024 05:00;98,06
1721444400;20.07.2024 06:00;95,78
1721448000;20.07.2024 07:00;92,85
1721451600;20.07.2024 08:00;86,69
1721455200;20.07.2024 09:00;68,2
1721458800;20.07.2024 10:00;49,72
1721462400;20.07.2024 11:00;15,9
1721466000;20.07.2024 12:00;10,91
1721469600;20.07.2024 13:00;15,76
1721473200;20.07.2024 14:00;23,24
1721476800;20.07.2024 15:00;24,67
1721480400;20.07.2024 16:00;31,67
1721484000;20.07.2024 17:00;38,67
1721487600;20.07.2024 18:00;71,44
1721491200;20.07.2024 19:00;120,01
1721494800;20.07.2024 20:00;181,66
1721498400;20.07.2024 21:00;236,8
1721502000;20.07.2024 22:00;180,02
1721505600;20.07.2024 23:00;114,79
1721509200;21.07.2024 00:00;91,22
1721512800;21.07.2024 01:00;120,06
1721516400;21.07.2024 02:00;120,03
1721520000;21.07.2024 03:00;130,96
1721523600;21.07.2024 04:00;109,79
1721527200;21.07.2024 05:00;87,31
1721530800;21.07.2024 06:00;86,07
1721534400;21.07.2024 07:00;83,68
1721538000;21.07.2024 08:00;64,24
1721541600;21.07.2024 09:00;48,38
1721545200;21.07.2024 10:00;18,57
1721548800;21.07.2024 11:00;103
1721552400;21.07.2024 12:00;50
1721556000;21.07.2024 13:00;5
1721559600;21.07.2024 14:00;1,65
1721563200;21.07.2024 15:00;2,99
1721566800;21.07.2024 16:00;3,91
1721570400;21.07.2024 17:00;68,28
1721574000;21.07.2024 18:00;180
1721577600;21.07.2024 19:00;180,09
1721581200;21.07.2024 20:00;180,08
1721584800;21.07.2024 21:00;180,1
1721588400;21.07.2024 22:00;180,07
1721592000;21.07.2024 23:00;180,04
1721595600;22.07.2024 00:00;160,01
1721599200;22.07.2024 01:00;122,63
1721602800;22.07.2024 02:00;100,42
1721606400;22.07.2024 03:00;91,46
1721610000;22.07.2024 04:00;91,49
1721613600;22.07.2024 05:00;91,11
1721617200;22.07.2024 06:00;88,92
1721620800;22.07.2024 07:00;129,31
1721624400;22.07.2024 08:00;130,85
1721628000;22.07.2024 09:00;121,69
1721631600;22.07.2024 10:00;97,41
1721635200;22.07.2024 11:00;78,55
1721638800;22.07.2024 12:00;77,28
1721642400;22.07.2024 13:00;71,14
1721646000;22.07.2024 14:00;89,8
1721649600;22.07.2024 15:00;99,57
1721653200;22.07.2024 16:00;107,67
1721656800;22.07.2024 17:00;94,87
1721660400;22.07.2024 18:00;131,98
1721664000;22.07.2024 19:00;156,45
1721667600;22.07.2024 20:00;160,05
1721671200;22.07.2024 21:00;160,04
1721674800;22.07.2024 22:00;140,26
1721678400;22.07.2024 23:00;111,1
1721682000;23.07.2024 00:00;91,56
1721685600;23.07.2024 01:00;96,09
1721689200;23.07.2024 02:00;86,11
1721692800;23.07.2024 03:00;70,4
1721696400;23.07.2024 04:00;64,66
1721700000;23.07.2024 05:00;67,4
1721703600;23.07.2024 06:00;72,83
1721707200;23.07.2024 07:00;120,01
1721710800;23.07.2024 08:00;126,61
1721714400;23.07.2024 09:00;116,95
1721718000;23.07.2024 10:00;88,49
1721721600;23.07.2024 11:00;72
1721725200;23.07.2024 12:00;65,38
1721728800;23.07.2024 13:00;51,04
1721732400;23.07.2024 14:00;50,33
1721736000;23.07.2024 15:00;50,3
1721739600;23.07.2024 16:00;76,74
1721743200;23.07.2024 17:00;83,28
1721746800;23.07.2024 18:00;120,26
1721750400;23.07.2024 19:00;186,87
1721754000;23.07.2024 20:00;245,57
1721757600;23.07.2024 21:00;300,08
1721761200;23.07.2024 22:00;233,08
1721764800;23.07.2024 23:00;149,45
1721768400;24.07.2024 00:00;96,91
1721772000;24.07.2024 01:00;90,21
1721775600;24.07.2024 02:00;82,72
1721779200;24.07.2024 03:00;82,58
1721782800;24.07.2024 04:00;82,76
1721786400;24.07.2024 05:00;81,08
1721790000;24.07.2024 06:00;91,23
1721793600;24.07.2024 07:00;126,08
1721797200;24.07.2024 08:00;148,49
1721800800;24.07.2024 09:00;119,94
1721804400;24.07.2024 10:00;110,68
1721808000;24.07.2024 11:00;95,65
1721811600;24.07.2024 12:00;48,71
1721815200;24.07.2024 13:00;60,41
1721818800;24.07.2024 14:00;23,87
1721822400;24.07.2024 15:00;79,55
1721826000;24.07.2024 16:00;103,05
1721829600;24.07.2024 17:00;107,3
1721833200;24.07.2024 18:00;113,38
1721836800;24.07.2024 19:00;141,17
1721840400;24.07.2024 20:00;153,09
1721844000;24.07.2024 21:00;160,04
1721847600;24.07.2024 22:00;137,06
1721851200;24.07.2024 23:00;131,81
1721854800;25.07.2024 00:00;91,37
1721858400;25.07.2024 01:00;134,42
1721862000;25.07.2024 02:00;107,26
1721865600;25.07.2024 03:00;104,5
1721869200;25.07.2024 04:00;100,2
1721872800;25.07.2024 05:00;101,7
1721876400;25.07.2024 06:00;107,12
1721880000;25.07.2024 07:00;160,18
1721883600;25.07.2024 08:00;230,58
1721887200;25.07.2024 09:00;144,17
1721890800;25.07.2024 10:00;110,49
1721894400;25.07.2024 11:00;55,08
1721898000;25.07.2024 12:00;55,13
1721901600;25.07.2024 13:00;54,59
1721905200;25.07.2024 14:00;78,67
1721908800;25.07.2024 15:00;81,85
1721912400;25.07.2024 16:00;88,08
1721916000;25.07.2024 17:00;106,28
1721919600;25.07.2024 18:00;133,24
1721923200;25.07.2024 19:00;150,01
1721926800;25.07.2024 20:00;150,08
1721930400;25.07.2024 21:00;150,07
1721934000;25.07.2024 22:00;140,1
1721937600;25.07.2024 23:00;179,57
1721941200;26.07.2024 00:00;137,38
1721944800;26.07.2024 01:00;181,88
1721948400;26.07.2024 02:00;73,92
1721952000;26.07.2024 03:00;79,3
1721955600;26.07.2024 04:00;83,61
1721959200;26.07.2024 05:00;81,4
1721962800;26.07.2024 06:00;97,8
1721966400;26.07.2024 07:00;131,32
1721970000;26.07.2024 08:00;119,96
1721973600;26.07.2024 09:00;104,11
1721977200;26.07.2024 10:00;96,83
1721980800;26.07.2024 11:00;90,7
1721984400;26.07.2024 12:00;81,26
1721988000;26.07.2024 13:00;70,06
1721991600;26.07.2024 14:00;63,26
1721995200;26.07.2024 15:00;59,84
1721998800;26.07.2024 16:00;68,05
1722002400;26.07.2024 17:00;72,97
1722006000;26.07.2024 18:00;115,74
1722009600;26.07.2024 19:00;105,97
1722013200;26.07.2024 20:00;157,4
1722016800;26.07.2024 21:00;187,82
1722020400;26.07.2024 22:00;140,08
1722024000;26.07.2024 23:00;113,81
1722027600;27.07.2024 00:00;91,07
1722031200;27.07.2024 01:00;250,07
1722034800;27.07.2024 02:00;104,51
1722038400;27.07.2024 03:00;99,48
1722042000;27.07.2024 04:00;96,43
1722045600;27.07.2024 05:00;95,89
1722049200;27.07.2024 06:00;92,37
1722052800;27.07.2024 07:00;87,98
1722056400;27.07.2024 08:00;83,37
1722060000;27.07.2024 09:00;85,15
1722063600;27.07.2024 10:00;67,38
1722067200;27.07.2024 11:00;60,92
1722070800;27.07.2024 12:00;39,9
1722074400;27.07.2024 13:00;68,06
1722078000;27.07.2024 14:00;74
1722081600;27.07.2024 15:00;43,06
1722085200;27.07.2024 16:00;35,44
1722088800;27.07.2024 17:00;71,33
1722092400;27.07.2024 18:00;130,72
1722096000;27.07.2024 19:00;114,32
1722099600;27.07.2024 20:00;136,64
1722103200;27.07.2024 21:00;146,75
1722106800;27.07.2024 22:00;139,5
1722110400;27.07.2024 23:00;116,57
1722114000;28.07.2024 00:00;128,26
1722117600;28.07.2024 01:00;113,54
1722121200;28.07.2024 02:00;101,91
1722124800;28.07.2024 03:00;87,22
1722128400;28.07.2024 04:00;72,48
1722132000;28.07.2024 05:00;72,33
1722135600;28.07.2024 06:00;78,4
1722139200;28.07.2024 07:00;69,34
1722142800;28.07.2024 08:00;73,16
1722146400;28.07.2024 09:00;26,59
1722150000;28.07.2024 10:00;50
1722153600;28.07.2024 11:00;64,88
1722157200;28.07.2024 12:00;55,64
1722160800;28.07.2024 13:00;55,63
1722164400;28.07.2024 14:00;15,42
1722168000;28.07.2024 15:00;46,4
1722171600;28.07.2024 16:00;40,6
1722175200;28.07.2024 17:00;27,3
1722178800;28.07.2024 18:00;30,57
1722182400;28.07.2024 19:00;31,76
1722186000;28.07.2024 20:00;83,08
1722189600;28.07.2024 21:00;103,68
1722193200;28.07.2024 22:00;105,67
1722196800;28.07.2024 23:00;100,05
1722200400;29.07.2024 00:00;50,01
1722204000;29.07.2024 01:00;4,09
1722207600;29.07.2024 02:00;4,1
1722211200;29.07.2024 03:00;4,1
1722214800;29.07.2024 04:00;4,09
1722218400;29.07.2024 05:00;4,1
1722222000;29.07.2024 06:00;50
1722225600;29.07.2024 07:00;110,06
1722229200;29.07.2024 08:00;115,34
1722232800;29.07.2024 09:00;94,05
1722236400;29.07.2024 10:00;57,47
1722240000;29.07.2024 11:00;20,27
1722243600;29.07.2024 12:00;10,01
1722247200;29.07.2024 13:00;31,69
1722250800;29.07.2024 14:00;88,11
1722254400;29.07.2024 15:00;27,36
1722258000;29.07.2024 16:00;4,1
1722261600;29.07.2024 17:00;12,89
1722265200;29.07.2024 18:00;60,19
1722268800;29.07.2024 19:00;91,42
1722272400;29.07.2024 20:00;120,07
1722276000;29.07.2024 21:00;154,84
1722279600;29.07.2024 22:00;115,09
1722283200;29.07.2024 23:00;105,22
1722286800;30.07.2024 00:00;90,2
1722290400;30.07.2024 01:00;69,02
1722294000;30.07.2024 02:00;75,28
1722297600;30.07.2024 03:00;78,46
1722301200;30.07.2024 04:00;82,77
1722304800;30.07.2024 05:00;87,44
1722308400;30.07.2024 06:00;100,45
1722312000;30.07.2024 07:00;114,38
1722315600;30.07.2024 08:00;113,27
1722319200;30.07.2024 09:00;98,78
1722322800;30.07.2024 10:00;66,16
1722326400;30.07.2024 11:00;37,52
1722330000;30.07.2024 12:00;7,84
1722333600;30.07.2024 13:00;1,09
1722337200;30.07.2024 14:00;0,01
1722340800;30.07.2024 15:00;1,74
1722344400;30.07.2024 16:00;14,03
1722348000;30.07.2024 17:00;33,34
1722351600;30.07.2024 18:00;79,54
1722355200;30.07.2024 19:00;101,53
1722358800;30.07.2024 20:00;153,09
1722362400;30.07.2024 21:00;210,15
1722366000;30.07.2024 22:00;151,62
1722369600;30.07.2024 23:00;118,84
1722373200;31.07.2024 00:00;99,04
1722376800;31.07.2024 01:00;98,76
1722380400;31.07.2024 02:00;86,91
1722384000;31.07.2024 03:00;84,72
1722387600;31.07.2024 04:00;83,36
1722391200;31.07.2024 05:00;90,69
1722394800;31.07.2024 06:00;101,61
1722398400;31.07.2024 07:00;115,16
1722402000;31.07.2024 08:00;109,41
1722405600;31.07.2024 09:00;95,2
1722409200;31.07.2024 10:00;79,05
1722412800;31.07.2024 11:00;55,89
1722416400;31.07.2024 12:00;33,46
1722420000;31.07.2024 13:00;25,1
1722423600;31.07.2024 14:00;23,14
1722427200;31.07.2024 15:00;27,02
1722430800;31.07.2024 16:00;25,9
1722434400;31.07.2024 17:00;33,9
1722438000;31.07.2024 18:00;77,7
1722441600;31.07.2024 19:00;94,56
1722445200;31.07.2024 20:00;119,73
1722448800;31.07.2024 21:00;160,95
1722452400;31.07.2024 22:00;128,29
1722456000;31.07.2024 23:00;121,35
1722459600;01.08.2024 00:00;98,19
1722463200;01.08.2024 01:00;100,48
1722466800;01.08.2024 02:00;87,02
1722470400;01.08.2024 03:00;82,54
1722474000;01.08.2024 04:00;76,85
1722477600;01.08.2024 05:00;81,21
1722481200;01.08.2024 06:00;101,63
1722484800;01.08.2024 07:00;126,67
1722488400;01.08.2024 08:00;145,05
1722492000;01.08.2024 09:00;145,02
1722495600;01.08.2024 10:00;170,06
1722499200;01.08.2024 11:00;102,58
1722502800;01.08.2024 12:00;57,1
1722506400;01.08.2024 13:00;77,72
1722510000;01.08.2024 14:00;58,43
1722513600;01.08.2024 15:00;77,75
1722517200;01.08.2024 16:00;64,02
1722520800;01.08.2024 17:00;116,91
1722524400;01.08.2024 18:00;88,37
1722528000;01.08.2024 19:00;107
1722531600;01.08.2024 20:00;149,03
1722535200;01.08.2024 21:00;189,99
1722538800;01.08.2024 22:00;121,05
1722542400;01.08.2024 23:00;124,91
1722546000;02.08.2024 00:00;103,99
1722549600;02.08.2024 01:00;93,93
1722553200;02.08.2024 02:00;88,93
1722556800;02.08.2024 03:00;86,59
1722560400;02.08.2024 04:00;74,86
1722564000;02.08.2024 05:00;79,18
1722567600;02.08.2024 06:00;90,25
1722571200;02.08.2024 07:00;110,9
1722574800;02.08.2024 08:00;300,05
1722578400;02.08.2024 09:00;300
1722582000;02.08.2024 10:00;199,01
1722585600;02.08.2024 11:00;132,32
1722589200;02.08.2024 12:00;75,82
1722592800;02.08.2024 13:00;71,81
1722596400;02.08.2024 14:00;64,1
1722600000;02.08.2024 15:00;64,09
1722603600;02.08.2024 16:00;126,92
1722607200;02.08.2024 17:00;291,32
1722610800;02.08.2024 18:00;114,2
1722614400;02.08.2024 19:00;128,11
1722618000;02.08.2024 20:00;317,5
1722621600;02.08.2024 21:00;325,07
1722625200;02.08.2024 22:00;300,01
1722628800;02.08.2024 23:00;115,28
1722632400;03.08.2024 00:00;123,06
1722636000;03.08.2024 01:00;177,91
1722639600;03.08.2024 02:00;250
1722643200;03.08.2024 03:00;118,95
1722646800;03.08.2024 04:00;87,83
1722650400;03.08.2024 05:00;85,05
1722654000;03.08.2024 06:00;93,54
1722657600;03.08.2024 07:00;101,64
1722661200;03.08.2024 08:00;93,64
1722664800;03.08.2024 09:00;82,95
1722668400;03.08.2024 10:00;64,82
1722672000;03.08.2024 11:00;32,44
1722675600;03.08.2024 12:00;20,36
1722679200;03.08.2024 13:00;14,66
1722682800;03.08.2024 14:00;6,41
1722686400;03.08.2024 15:00;50
1722690000;03.08.2024 16:00;75,02
1722693600;03.08.2024 17:00;50
1722697200;03.08.2024 18:00;65,08
1722700800;03.08.2024 19:00;250,08
1722704400;03.08.2024 20:00;145,1
1722708000;03.08.2024 21:00;165,08
1722711600;03.08.2024 22:00;129,08
1722715200;03.08.2024 23:00;129
1722718800;04.08.2024 00:00;127,99
1722722400;04.08.2024 01:00;130,06
1722726000;04.08.2024 02:00;130,01
1722729600;04.08.2024 03:00;111,31
1722733200;04.08.2024 04:00;91,11
1722736800;04.08.2024 05:00;88,63
1722740400;04.08.2024 06:00;81,69
1722744000;04.08.2024 07:00;76,11
1722747600;04.08.2024 08:00;71,73
1722751200;04.08.2024 09:00;64,43
1722754800;04.08.2024 10:00;28,33
1722758400;04.08.2024 11:00;122,75
1722762000;04.08.2024 12:00;5
1722765600;04.08.2024 13:00;100,05
1722769200;04.08.2024 14:00;90,5
1722772800;04.08.2024 15:00;5
1722776400;04.08.2024 16:00;4,99
1722780000;04.08.2024 17:00;80,05
1722783600;04.08.2024 18:00;123,57
1722787200;04.08.2024 19:00;185,09
1722790800;04.08.2024 20:00;145,74
1722794400;04.08.2024 21:00;178,06
1722798000;04.08.2024 22:00;130,05
1722801600;04.08.2024 23:00;118,9
1722805200;05.08.2024 00:00;185,01
1722808800;05.08.2024 01:00;165,01
1722812400;05.08.2024 02:00;104,49
1722816000;05.08.2024 03:00;82,59
1722819600;05.08.2024 04:00;86,23
1722823200;05.08.2024 05:00;118,9
1722826800;05.08.2024 06:00;150,09
1722830400;05.08.2024 07:00;168,56
1722834000;05.08.2024 08:00;195,06
1722837600;05.08.2024 09:00;165,04
1722841200;05.08.2024 10:00;150,1
1722844800;05.08.2024 11:00;126,5
1722848400;05.08.2024 12:00;79,42
1722852000;05.08.2024 13:00;73,09
1722855600;05.08.2024 14:00;42,05
1722859200;05.08.2024 15:00;50
1722862800;05.08.2024 16:00;118,92
1722866400;05.08.2024 17:00;118,94
1722870000;05.08.2024 18:00;96,22
1722873600;05.08.2024 19:00;116,74
1722877200;05.08.2024 20:00;165,01
1722880800;05.08.2024 21:00;276,71
1722884400;05.08.2024 22:00;187,62
1722888000;05.08.2024 23:00;128,74
1722891600;06.08.2024 00:00;107,49
1722895200;06.08.2024 01:00;105,82
1722898800;06.08.2024 02:00;98,86
1722902400;06.08.2024 03:00;92,43
1722906000;06.08.2024 04:00;88,71
1722909600;06.08.2024 05:00;89,45
1722913200;06.08.2024 06:00;99,48
1722916800;06.08.2024 07:00;130,09
1722920400;06.08.2024 08:00;170,07
1722924000;06.08.2024 09:00;115,97
1722927600;06.08.2024 10:00;75,36
1722931200;06.08.2024 11:00;35,22
1722934800;06.08.2024 12:00;22,75
1722938400;06.08.2024 13:00;17,47
1722942000;06.08.2024 14:00;16,33
1722945600;06.08.2024 15:00;30,25
1722949200;06.08.2024 16:00;19,92
1722952800;06.08.2024 17:00;41,57
1722956400;06.08.2024 18:00;82,18
1722960000;06.08.2024 19:00;127,25
1722963600;06.08.2024 20:00;176,8
1722967200;06.08.2024 21:00;234,64
1722970800;06.08.2024 22:00;173,18
1722974400;06.08.2024 23:00;124,77
1722978000;07.08.2024 00:00;101,48
1722981600;07.08.2024 01:00;93,81
1722985200;07.08.2024 02:00;85,86
1722988800;07.08.2024 03:00;81,98
1722992400;07.08.2024 04:00;86,89
1722996000;07.08.2024 05:00;90,25
1722999600;07.08.2024 06:00;109,1
1723003200;07.08.2024 07:00;262,36
1723006800;07.08.2024 08:00;343,3
1723010400;07.08.2024 09:00;112,97
1723014000;07.08.2024 10:00;91,87
1723017600;07.08.2024 11:00;75,86
1723021200;07.08.2024 12:00;64,59
1723024800;07.08.2024 13:00;43,31
1723028400;07.08.2024 14:00;35,33
1723032000;07.08.2024 15:00;51,74
1723035600;07.08.2024 16:00;69,85
1723039200;07.08.2024 17:00;85,25
1723042800;07.08.2024 18:00;116,85
1723046400;07.08.2024 19:00;300,06
1723050000;07.08.2024 20:00;172,04
1723053600;07.08.2024 21:00;207,9
1723057200;07.08.2024 22:00;164,19
1723060800;07.08.2024 23:00;130,66
1723064400;08.08.2024 00:00;106,19
1723068000;08.08.2024 01:00;99,6
1723071600;08.08.2024 02:00;89,82
1723075200;08.08.2024 03:00;90,09
1723078800;08.08.2024 04:00;90,93
1723082400;08.08.2024 05:00;91,25
1723086000;08.08.2024 06:00;125,12
1723089600;08.08.2024 07:00;181,8
1723093200;08.08.2024 08:00;196,67
1723096800;08.08.2024 09:00;118,02
1723100400;08.08.2024 10:00;110,5
1723104000;08.08.2024 11:00;90,21
1723107600;08.08.2024 12:00;74,71
1723111200;08.08.2024 13:00;58,59
1723114800;08.08.2024 14:00;54,44
1723118400;08.08.2024 15:00;52,66
1723122000;08.08.2024 16:00;110,12
1723125600;08.08.2024 17:00;81,7
1723129200;08.08.2024 18:00;115
1723132800;08.08.2024 19:00;171,1
1723136400;08.08.2024 20:00;146,76
1723140000;08.08.2024 21:00;203,01
1723143600;08.08.2024 22:00;140,92
1723147200;08.08.2024 23:00;112,17
1723150800;09.08.2024 00:00;94,93
1723154400;09.08.2024 01:00;187,69
1723158000;09.08.2024 02:00;86,31
1723161600;09.08.2024 03:00;70,57
1723165200;09.08.2024 04:00;75,09
1723168800;09.08.2024 05:00;89,59
1723172400;09.08.2024 06:00;95,93
1723176000;09.08.2024 07:00;191,88
1723179600;09.08.2024 08:00;250,05
1723183200;09.08.2024 09:00;80,76
1723186800;09.08.2024 10:00;50
1723190400;09.08.2024 11:00;11,94
1723194000;09.08.2024 12:00;25,05
1723197600;09.08.2024 13:00;38,44
1723201200;09.08.2024 14:00;7,47
1723204800;09.08.2024 15:00;61,72
1723208400;09.08.2024 16:00;55,85
1723212000;09.08.2024 17:00;91,52
1723215600;09.08.2024 18:00;134,67
1723219200;09.08.2024 19:00;213,84
1723222800;09.08.2024 20:00;141,22
1723226400;09.08.2024 21:00;145,62
1723230000;09.08.2024 22:00;135,56
1723233600;09.08.2024 23:00;111,55
1723237200;10.08.2024 00:00;90,03
1723240800;10.08.2024 01:00;73,77
1723244400;10.08.2024 02:00;91,34
1723248000;10.08.2024 03:00;90,32
1723251600;10.08.2024 04:00;88,26
1723255200;10.08.2024 05:00;88,17
1723258800;10.08.2024 06:00;90,88
1723262400;10.08.2024 07:00;93,18
1723266000;10.08.2024 08:00;79,51
1723269600;10.08.2024 09:00;32,09
1723273200;10.08.2024 10:00;-0,28
1723276800;10.08.2024 11:00;-3
1723280400;10.08.2024 12:00;-10
1723284000;10.08.2024 13:00;-10,01
1723287600;10.08.2024 14:00;-10
1723291200;10.08.2024 15:00;-9,92
1723294800;10.08.2024 16:00;-10,01
1723298400;10.08.2024 17:00;-6,09
1723302000;10.08.2024 18:00;0
1723305600;10.08.2024 19:00;35,17
1723309200;10.08.2024 20:00;114,41
1723312800;10.08.2024 21:00;139
1723316400;10.08.2024 22:00;131,29
1723320000;10.08.2024 23:00;121,86
1723323600;11.08.2024 00:00;100,06
1723327200;11.08.2024 01:00;110,93
1723330800;11.08.2024 02:00;108,08
1723334400;11.08.2024 03:00;102,99
1723338000;11.08.2024 04:00;87,28
1723341600;11.08.2024 05:00;101,16
1723345200;11.08.2024 06:00;4,1
1723348800;11.08.2024 07:00;-0,01
1723352400;11.08.2024 08:00;73,5
1723356000;11.08.2024 09:00;27,72
1723359600;11.08.2024 10:00;0
1723363200;11.08.2024 11:00;-5
1723366800;11.08.2024 12:00;-6,09
1723370400;11.08.2024 13:00;-6,09
1723374000;11.08.2024 14:00;-7,01
1723377600;11.08.2024 15:00;-5,51
1723381200;11.08.2024 16:00;-7,01
1723384800;11.08.2024 17:00;-4,31
1723388400;11.08.2024 18:00;0,01
1723392000;11.08.2024 19:00;81,84
1723395600;11.08.2024 20:00;121,14
1723399200;11.08.2024 21:00;131,88
1723402800;11.08.2024 22:00;124,24
1723406400;11.08.2024 23:00;111,54
1723410000;12.08.2024 00:00;98,23
1723413600;12.08.2024 01:00;104,41
1723417200;12.08.2024 02:00;94,37
1723420800;12.08.2024 03:00;85,3
1723424400;12.08.2024 04:00;87,57
1723428000;12.08.2024 05:00;93,47
1723431600;12.08.2024 06:00;115,1
1723435200;12.08.2024 07:00;149,05
1723438800;12.08.2024 08:00;142,23
1723442400;12.08.2024 09:00;112,22
1723446000;12.08.2024 10:00;70,75
1723449600;12.08.2024 11:00;40,12
1723453200;12.08.2024 12:00;16,04
1723456800;12.08.2024 13:00;10,06
1723460400;12.08.2024 14:00;6,98
1723464000;12.08.2024 15:00;13,47
1723467600;12.08.2024 16:00;14,76
1723471200;12.08.2024 17:00;69,24
1723474800;12.08.2024 18:00;91
1723478400;12.08.2024 19:00;142,57
1723482000;12.08.2024 20:00;203
1723485600;12.08.2024 21:00;225,74
1723489200;12.08.2024 22:00;136,06
1723492800;12.08.2024 23:00;124,11
1723496400;13.08.2024 00:00;102,75
1723500000;13.08.2024 01:00;112,31
1723503600;13.08.2024 02:00;97,02
1723507200;13.08.2024 03:00;90,55
1723510800;13.08.2024 04:00;87,05
1723514400;13.08.2024 05:00;91,02
1723518000;13.08.2024 06:00;97,99
1723521600;13.08.2024 07:00;132,87
1723525200;13.08.2024 08:00;133,67
1723528800;13.08.2024 09:00;117,89
1723532400;13.08.2024 10:00;70,66
1723536000;13.08.2024 11:00;34,79
1723539600;13.08.2024 12:00;24,6
1723543200;13.08.2024 13:00;25,43
1723546800;13.08.2024 14:00;27,64
1723550400;13.08.2024 15:00;49,18
1723554000;13.08.2024 16:00;21,19
1723557600;13.08.2024 17:00;33,4
1723561200;13.08.2024 18:00;160
1723564800;13.08.2024 19:00;160,09
1723568400;13.08.2024 20:00;300,01
1723572000;13.08.2024 21:00;300,02
1723575600;13.08.2024 22:00;160,09
1723579200;13.08.2024 23:00;120,04
1723582800;14.08.2024 00:00;97,5
1723586400;14.08.2024 01:00;161,36
1723590000;14.08.2024 02:00;160,77
1723593600;14.08.2024 03:00;83,03
1723597200;14.08.2024 04:00;89,51
1723600800;14.08.2024 05:00;185,07
1723604400;14.08.2024 06:00;140,06
1723608000;14.08.2024 07:00;250,08
1723611600;14.08.2024 08:00;250,05
1723615200;14.08.2024 09:00;140,09
1723618800;14.08.2024 10:00;115,97
1723622400;14.08.2024 11:00;82,73
1723626000;14.08.2024 12:00;77,15
1723629600;14.08.2024 13:00;68,85
1723633200;14.08.2024 14:00;75,56
1723636800;14.08.2024 15:00;86,38
1723640400;14.08.2024 16:00;76,7
1723644000;14.08.2024 17:00;193,75
1723647600;14.08.2024 18:00;115,13
1723651200;14.08.2024 19:00;146,82
1723654800;14.08.2024 20:00;212,28
1723658400;14.08.2024 21:00;230,38
1723662000;14.08.2024 22:00;141,93
1723665600;14.08.2024 23:00;117,68
1723669200;15.08.2024 00:00;108,38
1723672800;15.08.2024 01:00;230,97
1723676400;15.08.2024 02:00;104,13
1723680000;15.08.2024 03:00;95,05
1723683600;15.08.2024 04:00;92,89
1723687200;15.08.2024 05:00;94,2
1723690800;15.08.2024 06:00;104,78
1723694400;15.08.2024 07:00;108,32
1723698000;15.08.2024 08:00;116,05
1723701600;15.08.2024 09:00;112,21
1723705200;15.08.2024 10:00;91,04
1723708800;15.08.2024 11:00;33,12
1723712400;15.08.2024 12:00;15,18
1723716000;15.08.2024 13:00;9,86
1723719600;15.08.2024 14:00;4,99
1723723200;15.08.2024 15:00;35,93
1723726800;15.08.2024 16:00;4,36
1723730400;15.08.2024 17:00;60,84
1723734000;15.08.2024 18:00;12,14
1723737600;15.08.2024 19:00;140,06
1723741200;15.08.2024 20:00;165,04
1723744800;15.08.2024 21:00;206,09
1723748400;15.08.2024 22:00;159,02
1723752000;15.08.2024 23:00;138,58
1723755600;16.08.2024 00:00;105,33
1723759200;16.08.2024 01:00;112,35
1723762800;16.08.2024 02:00;93,75
1723766400;16.08.2024 03:00;92,22
1723770000;16.08.2024 04:00;92,47
1723773600;16.08.2024 05:00;93,2
1723777200;16.08.2024 06:00;100,26
1723780800;16.08.2024 07:00;127,33
1723784400;16.08.2024 08:00;133,85
1723788000;16.08.2024 09:00;124,2
1723791600;16.08.2024 10:00;100,01
1723795200;16.08.2024 11:00;75,05
1723798800;16.08.2024 12:00;56,32
1723802400;16.08.2024 13:00;25,14
1723806000;16.08.2024 14:00;53,81
1723809600;16.08.2024 15:00;43,02
1723813200;16.08.2024 16:00;53,84
1723816800;16.08.2024 17:00;77,11
1723820400;16.08.2024 18:00;114,66
1723824000;16.08.2024 19:00;186,48
1723827600;16.08.2024 20:00;258,39
1723831200;16.08.2024 21:00;237,29
1723834800;16.08.2024 22:00;167,71
1723838400;16.08.2024 23:00;151,61
1723842000;17.08.2024 00:00;119,46
1723845600;17.08.2024 01:00;115,29
1723849200;17.08.2024 02:00;110,14
1723852800;17.08.2024 03:00;103
1723856400;17.08.2024 04:00;105,44
1723860000;17.08.2024 05:00;112,1
1723863600;17.08.2024 06:00;110,65
1723867200;17.08.2024 07:00;106,18
1723870800;17.08.2024 08:00;103,43
1723874400;17.08.2024 09:00;103,06
1723878000;17.08.2024 10:00;83,8
1723881600;17.08.2024 11:00;69,49
1723885200;17.08.2024 12:00;56,81
1723888800;17.08.2024 13:00;47,92
1723892400;17.08.2024 14:00;44,12
1723896000;17.08.2024 15:00;53,36
1723899600;17.08.2024 16:00;59,24
1723903200;17.08.2024 17:00;73,08
1723906800;17.08.2024 18:00;117,72
1723910400;17.08.2024 19:00;141,08
1723914000;17.08.2024 20:00;154,96
1723917600;17.08.2024 21:00;178,5
1723921200;17.08.2024 22:00;140,5
1723924800;17.08.2024 23:00;119,82
1723928400;18.08.2024 00:00;108,61
1723932000;18.08.2024 01:00;114,69
1723935600;18.08.2024 02:00;112,41
1723939200;18.08.2024 03:00;105,78
1723942800;18.08.2024 04:00;105,76
1723946400;18.08.2024 05:00;104,28
1723950000;18.08.2024 06:00;104,42
1723953600;18.08.2024 07:00;98,81
1723957200;18.08.2024 08:00;94,4
1723960800;18.08.2024 09:00;87,65
1723964400;18.08.2024 10:00;81,52
1723968000;18.08.2024 11:00;69,71
1723971600;18.08.2024 12:00;69,04
1723975200;18.08.2024 13:00;64,01
1723978800;18.08.2024 14:00;32,6
1723982400;18.08.2024 15:00;16,86
1723986000;18.08.2024 16:00;50,05
1723989600;18.08.2024 17:00;94
1723993200;18.08.2024 18:00;102,54
1723996800;18.08.2024 19:00;113,93
1724000400;18.08.2024 20:00;162,36
1724004000;18.08.2024 21:00;146,54
1724007600;18.08.2024 22:00;122,88
1724011200;18.08.2024 23:00;121,36
1724014800;19.08.2024 00:00;109,04
1724018400;19.08.2024 01:00;106,69
1724022000;19.08.2024 02:00;96,93
1724025600;19.08.2024 03:00;90,89
1724029200;19.08.2024 04:00;85,05
1724032800;19.08.2024 05:00;86,03
1724036400;19.08.2024 06:00;92,48
1724040000;19.08.2024 07:00;131,27
1724043600;19.08.2024 08:00;154,13
1724047200;19.08.2024 09:00;155,71
1724050800;19.08.2024 10:00;172,99
1724054400;19.08.2024 11:00;169,79
1724058000;19.08.2024 12:00;115,91
1724061600;19.08.2024 13:00;88,9
1724065200;19.08.2024 14:00;80,65
1724068800;19.08.2024 15:00;81,8
1724072400;19.08.2024 16:00;93,64
1724076000;19.08.2024 17:00;122,9
1724079600;19.08.2024 18:00;139,82
1724083200;19.08.2024 19:00;215,3
1724086800;19.08.2024 20:00;250,1
1724090400;19.08.2024 21:00;240,09
1724094000;19.08.2024 22:00;190,67
1724097600;19.08.2024 23:00;126,16
1724101200;20.08.2024 00:00;100,44
1724104800;20.08.2024 01:00;106,75
1724108400;20.08.2024 02:00;95,89
1724112000;20.08.2024 03:00;93,76
1724115600;20.08.2024 04:00;94,59
1724119200;20.08.2024 05:00;97,81
1724122800;20.08.2024 06:00;114,99
1724126400;20.08.2024 07:00;141,78
1724130000;20.08.2024 08:00;139,02
1724133600;20.08.2024 09:00;122,66
1724137200;20.08.2024 10:00;102,6
1724140800;20.08.2024 11:00;83,89
1724144400;20.08.2024 12:00;65,76
1724148000;20.08.2024 13:00;54,71
1724151600;20.08.2024 14:00;71,03
1724155200;20.08.2024 15:00;62,78
1724158800;20.08.2024 16:00;88,68
1724162400;20.08.2024 17:00;114,65
1724166000;20.08.2024 18:00;138,34
1724169600;20.08.2024 19:00;192,51
1724173200;20.08.2024 20:00;287,45
1724176800;20.08.2024 21:00;321,28
1724180400;20.08.2024 22:00;174,1
1724184000;20.08.2024 23:00;139,02
1724187600;21.08.2024 00:00;109,21
1724191200;21.08.2024 01:00;118,26
1724194800;21.08.2024 02:00;99,46
1724198400;21.08.2024 03:00;96,52
1724202000;21.08.2024 04:00;98,25
1724205600;21.08.2024 05:00;98,06
1724209200;21.08.2024 06:00;106,25
1724212800;21.08.2024 07:00;141,03
1724216400;21.08.2024 08:00;152,27
1724220000;21.08.2024 09:00;174,3
1724223600;21.08.2024 10:00;156,02
1724227200;21.08.2024 11:00;133,3
1724230800;21.08.2024 12:00;117,5
1724234400;21.08.2024 13:00;103,07
1724238000;21.08.2024 14:00;104,72
1724241600;21.08.2024 15:00;97,26
1724245200;21.08.2024 16:00;140,39
1724248800;21.08.2024 17:00;189,99
1724252400;21.08.2024 18:00;141,03
1724256000;21.08.2024 19:00;150,84
1724259600;21.08.2024 20:00;156,06
1724263200;21.08.2024 21:00;163,57
1724266800;21.08.2024 22:00;138,67
1724270400;21.08.2024 23:00;107,84
1724274000;22.08.2024 00:00;91,7
1724277600;22.08.2024 01:00;73,04
1724281200;22.08.2024 02:00;66,58
1724284800;22.08.2024 03:00;79,73
1724288400;22.08.2024 04:00;80,02
1724292000;22.08.2024 05:00;69,11
1724295600;22.08.2024 06:00;81,45
1724299200;22.08.2024 07:00;112,75
1724302800;22.08.2024 08:00;135,01
1724306400;22.08.2024 09:00;135,09
1724310000;22.08.2024 10:00;158,03
1724313600;22.08.2024 11:00;65,05
1724317200;22.08.2024 12:00;65,06
1724320800;22.08.2024 13:00;65,09
1724324400;22.08.2024 14:00;87,27
1724328000;22.08.2024 15:00;71,58
1724331600;22.08.2024 16:00;81,68
1724335200;22.08.2024 17:00;86,36
1724338800;22.08.2024 18:00;106,9
1724342400;22.08.2024 19:00;177,06
1724346000;22.08.2024 20:00;228,53
1724349600;22.08.2024 21:00;271,58
1724353200;22.08.2024 22:00;176,05
1724356800;22.08.2024 23:00;118,81
1724360400;23.08.2024 00:00;90,95
1724364000;23.08.2024 01:00;109,3
1724367600;23.08.2024 02:00;51,65
1724371200;23.08.2024 03:00;93,58
1724374800;23.08.2024 04:00;93,84
1724378400;23.08.2024 05:00;43,09
1724382000;23.08.2024 06:00;98,88
1724385600;23.08.2024 07:00;137,88
1724389200;23.08.2024 08:00;123,43
1724392800;23.08.2024 09:00;160,09
1724396400;23.08.2024 10:00;160,01
1724400000;23.08.2024 11:00;141,44
1724403600;23.08.2024 12:00;49,99
1724407200;23.08.2024 13:00;60,75
1724410800;23.08.2024 14:00;43,92
1724414400;23.08.2024 15:00;40,05
1724418000;23.08.2024 16:00;55,6
1724421600;23.08.2024 17:00;118,8
1724425200;23.08.2024 18:00;118,79
1724428800;23.08.2024 19:00;123,05
1724432400;23.08.2024 20:00;160,05
1724436000;23.08.2024 21:00;163,63
1724439600;23.08.2024 22:00;132,56
1724443200;23.08.2024 23:00;122,79
1724446800;24.08.2024 00:00;94,76
1724450400;24.08.2024 01:00;25,1
1724454000;24.08.2024 02:00;46,93
1724457600;24.08.2024 03:00;4,1
1724461200;24.08.2024 04:00;70,03
1724464800;24.08.2024 05:00;111,29
1724468400;24.08.2024 06:00;114,61
1724472000;24.08.2024 07:00;117,16
1724475600;24.08.2024 08:00;104
1724479200;24.08.2024 09:00;77,4
1724482800;24.08.2024 10:00;15
1724486400;24.08.2024 11:00;-0,01
1724490000;24.08.2024 12:00;5
1724493600;24.08.2024 13:00;7,49
1724497200;24.08.2024 14:00;27,8
1724500800;24.08.2024 15:00;4,55
1724504400;24.08.2024 16:00;30,01
1724508000;24.08.2024 17:00;83,3
1724511600;24.08.2024 18:00;144,41
1724515200;24.08.2024 19:00;206,03
1724518800;24.08.2024 20:00;217,32
1724522400;24.08.2024 21:00;202,33
1724526000;24.08.2024 22:00;140,44
1724529600;24.08.2024 23:00;114,86
1724533200;25.08.2024 00:00;85,04
1724536800;25.08.2024 01:00;51,18
1724540400;25.08.2024 02:00;-0,01
1724544000;25.08.2024 03:00;0,42
1724547600;25.08.2024 04:00;0,01
1724551200;25.08.2024 05:00;-1,75
1724554800;25.08.2024 06:00;-1,75
1724558400;25.08.2024 07:00;2,99
1724562000;25.08.2024 08:00;-0,15
1724565600;25.08.2024 09:00;-0,9
1724569200;25.08.2024 10:00;-1,54
1724572800;25.08.2024 11:00;-6,07
1724576400;25.08.2024 12:00;-10,1
1724580000;25.08.2024 13:00;-15,5
1724583600;25.08.2024 14:00;-19,96
1724587200;25.08.2024 15:00;-10,01
1724590800;25.08.2024 16:00;-9,95
1724594400;25.08.2024 17:00;0,02
1724598000;25.08.2024 18:00;4,07
1724601600;25.08.2024 19:00;95,6
1724605200;25.08.2024 20:00;172,99
1724608800;25.08.2024 21:00;233,62
1724612400;25.08.2024 22:00;198,26
1724616000;25.08.2024 23:00;157,69
1724619600;26.08.2024 00:00;110,79
1724623200;26.08.2024 01:00;105,46
1724626800;26.08.2024 02:00;93,44
1724630400;26.08.2024 03:00;89,48
1724634000;26.08.2024 04:00;87,2
1724637600;26.08.2024 05:00;91,2
1724641200;26.08.2024 06:00;124,08
1724644800;26.08.2024 07:00;165,01
1724648400;26.08.2024 08:00;165,02
1724652000;26.08.2024 09:00;128,96
1724655600;26.08.2024 10:00;106,78
1724659200;26.08.2024 11:00;87,19
1724662800;26.08.2024 12:00;84,69
1724666400;26.08.2024 13:00;91,59
1724670000;26.08.2024 14:00;99,75
1724673600;26.08.2024 15:00;93,22
1724677200;26.08.2024 16:00;109,21
1724680800;26.08.2024 17:00;124,48
1724684400;26.08.2024 18:00;145,57
1724688000;26.08.2024 19:00;183,39
1724691600;26.08.2024 20:00;266,21
1724695200;26.08.2024 21:00;304,99
1724698800;26.08.2024 22:00;163,77
1724702400;26.08.2024 23:00;118,71
1724706000;27.08.2024 00:00;110,2
1724709600;27.08.2024 01:00;105,78
1724713200;27.08.2024 02:00;97,64
1724716800;27.08.2024 03:00;95,44
1724720400;27.08.2024 04:00;94,75
1724724000;27.08.2024 05:00;96,44
1724727600;27.08.2024 06:00;164,18
1724731200;27.08.2024 07:00;148,25
1724734800;27.08.2024 08:00;159,34
1724738400;27.08.2024 09:00;116,42
1724742000;27.08.2024 10:00;90,11
1724745600;27.08.2024 11:00;74,45
1724749200;27.08.2024 12:00;50,71
1724752800;27.08.2024 13:00;36,72
1724756400;27.08.2024 14:00;35,15
1724760000;27.08.2024 15:00;49,07
1724763600;27.08.2024 16:00;5
1724767200;27.08.2024 17:00;89,67
1724770800;27.08.2024 18:00;127,44
1724774400;27.08.2024 19:00;168,82
1724778000;27.08.2024 20:00;288,9
1724781600;27.08.2024 21:00;277,19
1724785200;27.08.2024 22:00;134,66
1724788800;27.08.2024 23:00;100,91
1724792400;28.08.2024 00:00;90,83
1724796000;28.08.2024 01:00;84,45
1724799600;28.08.2024 02:00;87,49
1724803200;28.08.2024 03:00;85,14
1724806800;28.08.2024 04:00;90,83
1724810400;28.08.2024 05:00;92,65
1724814000;28.08.2024 06:00;180,01
1724817600;28.08.2024 07:00;122,14
1724821200;28.08.2024 08:00;129,65
1724824800;28.08.2024 09:00;123,77
1724828400;28.08.2024 10:00;98,04
1724832000;28.08.2024 11:00;51,61
1724835600;28.08.2024 12:00;23,25
1724839200;28.08.2024 13:00;63,53
1724842800;28.08.2024 14:00;117,95
1724846400;28.08.2024 15:00;5,04
1724850000;28.08.2024 16:00;72,43
1724853600;28.08.2024 17:00;43,79
1724857200;28.08.2024 18:00;143,48
1724860800;28.08.2024 19:00;231,15
1724864400;28.08.2024 20:00;361,73
1724868000;28.08.2024 21:00;250,08
1724871600;28.08.2024 22:00;129,66
1724875200;28.08.2024 23:00;103,91
1724878800;29.08.2024 00:00;90,84
1724882400;29.08.2024 01:00;91,89
1724886000;29.08.2024 02:00;94,76
1724889600;29.08.2024 03:00;88,71
1724893200;29.08.2024 04:00;87,36
1724896800;29.08.2024 05:00;87,46
1724900400;29.08.2024 06:00;101,92
1724904000;29.08.2024 07:00;127,47
1724907600;29.08.2024 08:00;134,87
1724911200;29.08.2024 09:00;126,24
1724914800;29.08.2024 10:00;108,8
1724918400;29.08.2024 11:00;90,8
1724922000;29.08.2024 12:00;80,9
1724925600;29.08.2024 13:00;51,06
1724929200;29.08.2024 14:00;26,6
1724932800;29.08.2024 15:00;36,57
1724936400;29.08.2024 16:00;84,47
1724940000;29.08.2024 17:00;109,37
1724943600;29.08.2024 18:00;158,31
1724947200;29.08.2024 19:00;303,65
1724950800;29.08.2024 20:00;407,42
1724954400;29.08.2024 21:00;289,99
1724958000;29.08.2024 22:00;160,06
1724961600;29.08.2024 23:00;120,05
1724965200;30.08.2024 00:00;113,93
1724968800;30.08.2024 01:00;110,2
1724972400;30.08.2024 02:00;100,08
1724976000;30.08.2024 03:00;94,87
1724979600;30.08.2024 04:00;94,11
1724983200;30.08.2024 05:00;98,45
1724986800;30.08.2024 06:00;113,18
1724990400;30.08.2024 07:00;149,43
1724994000;30.08.2024 08:00;157,99
1724997600;30.08.2024 09:00;134,21
1725001200;30.08.2024 10:00;113,7
1725004800;30.08.2024 11:00;96,47
1725008400;30.08.2024 12:00;88,59
1725012000;30.08.2024 13:00;77,25
1725015600;30.08.2024 14:00;71,14
1725019200;30.08.2024 15:00;86,9
1725022800;30.08.2024 16:00;84,26
1725026400;30.08.2024 17:00;105,72
1725030000;30.08.2024 18:00;164,27
1725033600;30.08.2024 19:00;234,23
1725037200;30.08.2024 20:00;368,74
1725040800;30.08.2024 21:00;200,1
1725044400;30.08.2024 22:00;167,9
1725048000;30.08.2024 23:00;109,62
1725051600;31.08.2024 00:00;104,52
1725055200;31.08.2024 01:00;109,19
1725058800;31.08.2024 02:00;107,57
1725062400;31.08.2024 03:00;103,14
1725066000;31.08.2024 04:00;100,54
1725069600;31.08.2024 05:00;98,68
1725073200;31.08.2024 06:00;99,99
1725076800;31.08.2024 07:00;114,54
1725080400;31.08.2024 08:00;115,13
1725084000;31.08.2024 09:00;111,09
1725087600;31.08.2024 10:00;84,92
1725091200;31.08.2024 11:00;60,13
1725094800;31.08.2024 12:00;90,09
1725098400;31.08.2024 13:00;107,22
1725102000;31.08.2024 14:00;93,47
1725105600;31.08.2024 15:00;90,08
1725109200;31.08.2024 16:00;80,07
1725112800;31.08.2024 17:00;82,87
1725116400;31.08.2024 18:00;109,2
1725120000;31.08.2024 19:00;158,24
1725123600;31.08.2024 20:00;168,1
1725127200;31.08.2024 21:00;156,92
1725130800;31.08.2024 22:00;150,05
1725134400;31.08.2024 23:00;128,98
1725138000;01.09.2024 00:00;109,13
1725141600;01.09.2024 01:00;98,87
1725145200;01.09.2024 02:00;86,07
1725148800;01.09.2024 03:00;80,37
1725152400;01.09.2024 04:00;81,82
1725156000;01.09.2024 05:00;82,02
1725159600;01.09.2024 06:00;81,11
1725163200;01.09.2024 07:00;81,13
1725166800;01.09.2024 08:00;77,89
1725170400;01.09.2024 09:00;61,95
1725174000;01.09.2024 10:00;41,27
1725177600;01.09.2024 11:00;12,73
1725181200;01.09.2024 12:00;2,62
1725184800;01.09.2024 13:00;4,99
1725188400;01.09.2024 14:00;30
1725192000;01.09.2024 15:00;20,04
1725195600;01.09.2024 16:00;15,07
1725199200;01.09.2024 17:00;76,08
1725202800;01.09.2024 18:00;150,01
1725206400;01.09.2024 19:00;173,42
1725210000;01.09.2024 20:00;174,65
1725213600;01.09.2024 21:00;180,06
1725217200;01.09.2024 22:00;140,61
1725220800;01.09.2024 23:00;124,38
1725224400;02.09.2024 00:00;110,04
1725228000;02.09.2024 01:00;124,38
1725231600;02.09.2024 02:00;102,66
1725235200;02.09.2024 03:00;96,02
1725238800;02.09.2024 04:00;95,41
1725242400;02.09.2024 05:00;103,94
1725246000;02.09.2024 06:00;138,09
1725249600;02.09.2024 07:00;198,53
1725253200;02.09.2024 08:00;187,25
1725256800;02.09.2024 09:00;151,83
1725260400;02.09.2024 10:00;122,64
1725264000;02.09.2024 11:00;102,83
1725267600;02.09.2024 12:00;90,82
1725271200;02.09.2024 13:00;83,01
1725274800;02.09.2024 14:00;81,19
1725278400;02.09.2024 15:00;83,63
1725282000;02.09.2024 16:00;94,7
1725285600;02.09.2024 17:00;132,03
1725289200;02.09.2024 18:00;210,36
1725292800;02.09.2024 19:00;363,62
1725296400;02.09.2024 20:00;458,16
1725300000;02.09.2024 21:00;338,28
1725303600;02.09.2024 22:00;176,76
1725307200;02.09.2024 23:00;112,58
1725310800;03.09.2024 00:00;101,35
1725314400;03.09.2024 01:00;103,65
1725318000;03.09.2024 02:00;98,1
1725321600;03.09.2024 03:00;93,78
1725325200;03.09.2024 04:00;94,88
1725328800;03.09.2024 05:00;97,49
1725332400;03.09.2024 06:00;145,07
1725336000;03.09.2024 07:00;145,77
1725339600;03.09.2024 08:00;173,43
1725343200;03.09.2024 09:00;133,95
1725346800;03.09.2024 10:00;115,98
1725350400;03.09.2024 11:00;98,88
1725354000;03.09.2024 12:00;90,02
1725357600;03.09.2024 13:00;83,46
1725361200;03.09.2024 14:00;80,12
1725364800;03.09.2024 15:00;81,24
1725368400;03.09.2024 16:00;86,44
1725372000;03.09.2024 17:00;117,87
1725375600;03.09.2024 18:00;205,17
1725379200;03.09.2024 19:00;426,59
1725382800;03.09.2024 20:00;500,9
1725386400;03.09.2024 21:00;400,01
1725390000;03.09.2024 22:00;173,51
1725393600;03.09.2024 23:00;87,4
1725397200;04.09.2024 00:00;99,96
1725400800;04.09.2024 01:00;105,69
1725404400;04.09.2024 02:00;100,16
1725408000;04.09.2024 03:00;85,3
1725411600;04.09.2024 04:00;99,75
1725415200;04.09.2024 05:00;100,77
1725418800;04.09.2024 06:00;110,5
1725422400;04.09.2024 07:00;147,88
1725426000;04.09.2024 08:00;181,3
1725429600;04.09.2024 09:00;154,33
1725433200;04.09.2024 10:00;125,13
1725436800;04.09.2024 11:00;107,21
1725440400;04.09.2024 12:00;88,82
1725444000;04.09.2024 13:00;85,23
1725447600;04.09.2024 14:00;86,01
1725451200;04.09.2024 15:00;79,96
1725454800;04.09.2024 16:00;88,66
1725458400;04.09.2024 17:00;109,61
1725462000;04.09.2024 18:00;149,96
1725465600;04.09.2024 19:00;190
1725469200;04.09.2024 20:00;303
1725472800;04.09.2024 21:00;181,95
1725476400;04.09.2024 22:00;127,29
1725480000;04.09.2024 23:00;82,04
1725483600;05.09.2024 00:00;52,18
1725487200;05.09.2024 01:00;21,08
1725490800;05.09.2024 02:00;5,99
1725494400;05.09.2024 03:00;5,99
1725498000;05.09.2024 04:00;14,97
1725501600;05.09.2024 05:00;85
1725505200;05.09.2024 06:00;90,89
1725508800;05.09.2024 07:00;123,43
1725512400;05.09.2024 08:00;124,89
1725516000;05.09.2024 09:00;119,04
1725519600;05.09.2024 10:00;97,68
1725523200;05.09.2024 11:00;68,25
1725526800;05.09.2024 12:00;43,13
1725530400;05.09.2024 13:00;49,23
1725534000;05.09.2024 14:00;53,61
1725537600;05.09.2024 15:00;59,03
1725541200;05.09.2024 16:00;47,07
1725544800;05.09.2024 17:00;75,75
1725548400;05.09.2024 18:00;123,33
1725552000;05.09.2024 19:00;209,53
1725555600;05.09.2024 20:00;241,93
1725559200;05.09.2024 21:00;164,52
1725562800;05.09.2024 22:00;111,62
1725566400;05.09.2024 23:00;52,16
1725570000;06.09.2024 00:00;41,55
1725573600;06.09.2024 01:00;10,86
1725577200;06.09.2024 02:00;21,08
1725580800;06.09.2024 03:00;30,62
1725584400;06.09.2024 04:00;31,89
1725588000;06.09.2024 05:00;66,89
1725591600;06.09.2024 06:00;77,82
1725595200;06.09.2024 07:00;124,04
1725598800;06.09.2024 08:00;127,7
1725602400;06.09.2024 09:00;123,15
1725606000;06.09.2024 10:00;102,51
1725609600;06.09.2024 11:00;68,24
1725613200;06.09.2024 12:00;48,05
1725616800;06.09.2024 13:00;16,78
1725620400;06.09.2024 14:00;7,95
1725624000;06.09.2024 15:00;7,81
1725627600;06.09.2024 16:00;15,01
1725631200;06.09.2024 17:00;77,23
1725634800;06.09.2024 18:00;95,01
1725638400;06.09.2024 19:00;135,38
1725642000;06.09.2024 20:00;180,1
1725645600;06.09.2024 21:00;99,83
1725649200;06.09.2024 22:00;85,01
1725652800;06.09.2024 23:00;3,37
1725656400;07.09.2024 00:00;2,9
1725660000;07.09.2024 01:00;6
1725663600;07.09.2024 02:00;4,1
1725667200;07.09.2024 03:00;4,09
1725670800;07.09.2024 04:00;4,09
1725674400;07.09.2024 05:00;5,99
1725678000;07.09.2024 06:00;30,01
1725681600;07.09.2024 07:00;71
1725685200;07.09.2024 08:00;5,62
1725688800;07.09.2024 09:00;8,61
1725692400;07.09.2024 10:00;16,01
1725696000;07.09.2024 11:00;9,96
1725699600;07.09.2024 12:00;7,56
1725703200;07.09.2024 13:00;5,27
1725706800;07.09.2024 14:00;1,24
1725710400;07.09.2024 15:00;3,1
1725714000;07.09.2024 16:00;5,75
1725717600;07.09.2024 17:00;42,96
1725721200;07.09.2024 18:00;111,43
1725724800;07.09.2024 19:00;143,63
1725728400;07.09.2024 20:00;155,62
1725732000;07.09.2024 21:00;120,91
1725735600;07.09.2024 22:00;48,22
1725739200;07.09.2024 23:00;41,47
1725742800;08.09.2024 00:00;5,99
1725746400;08.09.2024 01:00;5,19
1725750000;08.09.2024 02:00;4,54
1725753600;08.09.2024 03:00;3,97
1725757200;08.09.2024 04:00;3,88
1725760800;08.09.2024 05:00;3,75
1725764400;08.09.2024 06:00;4,1
1725768000;08.09.2024 07:00;5,99
1725771600;08.09.2024 08:00;6
1725775200;08.09.2024 09:00;36,37
1725778800;08.09.2024 10:00;39,61
1725782400;08.09.2024 11:00;6,24
1725786000;08.09.2024 12:00;2,49
1725789600;08.09.2024 13:00;0,04
1725793200;08.09.2024 14:00;0,01
1725796800;08.09.2024 15:00;1,19
1725800400;08.09.2024 16:00;6
1725804000;08.09.2024 17:00;39,84
1725807600;08.09.2024 18:00;80,05
1725811200;08.09.2024 19:00;116,69
1725814800;08.09.2024 20:00;80,09
1725818400;08.09.2024 21:00;80,02
1725822000;08.09.2024 22:00;11,06
1725825600;08.09.2024 23:00;1,62
1725829200;09.09.2024 00:00;0,05
1725832800;09.09.2024 01:00;0
1725836400;09.09.2024 02:00;-0,01
1725840000;09.09.2024 03:00;-0,01
1725843600;09.09.2024 04:00;-0,01
1725847200;09.09.2024 05:00;0
1725850800;09.09.2024 06:00;4,09
1725854400;09.09.2024 07:00;30,01
1725858000;09.09.2024 08:00;7,88
1725861600;09.09.2024 09:00;3,76
1725865200;09.09.2024 10:00;4,67
1725868800;09.09.2024 11:00;3,6
1725872400;09.09.2024 12:00;3,05
1725876000;09.09.2024 13:00;2,37
1725879600;09.09.2024 14:00;1,47
1725883200;09.09.2024 15:00;1,1
1725886800;09.09.2024 16:00;1,93
1725890400;09.09.2024 17:00;2,23
1725894000;09.09.2024 18:00;5,99
1725897600;09.09.2024 19:00;6
1725901200;09.09.2024 20:00;30
1725904800;09.09.2024 21:00;5,99
1725908400;09.09.2024 22:00;0,07
1725912000;09.09.2024 23:00;-0,58
1725915600;10.09.2024 00:00;0
1725919200;10.09.2024 01:00;-0,81
1725922800;10.09.2024 02:00;-0,9
1725926400;10.09.2024 03:00;-1,01
1725930000;10.09.2024 04:00;-1,09
1725933600;10.09.2024 05:00;-0,9
1725937200;10.09.2024 06:00;0,07
1725940800;10.09.2024 07:00;90,09
1725944400;10.09.2024 08:00;29,1
1725948000;10.09.2024 09:00;2,43
1725951600;10.09.2024 10:00;2,06
1725955200;10.09.2024 11:00;2,08
1725958800;10.09.2024 12:00;1,19
1725962400;10.09.2024 13:00;0,01
1725966000;10.09.2024 14:00;-0,07
1725969600;10.09.2024 15:00;-0,16
1725973200;10.09.2024 16:00;-0,04
1725976800;10.09.2024 17:00;0,22
1725980400;10.09.2024 18:00;163,63
1725984000;10.09.2024 19:00;223,17
1725987600;10.09.2024 20:00;332,98
1725991200;10.09.2024 21:00;250,08
1725994800;10.09.2024 22:00;139,48
1725998400;10.09.2024 23:00;117,09
1726002000;11.09.2024 00:00;3,01
1726005600;11.09.2024 01:00;3
1726009200;11.09.2024 02:00;3
1726012800;11.09.2024 03:00;25,1
1726016400;11.09.2024 04:00;27,85
1726020000;11.09.2024 05:00;32,93
1726023600;11.09.2024 06:00;60,65
1726027200;11.09.2024 07:00;120,01
1726030800;11.09.2024 08:00;141,96
1726034400;11.09.2024 09:00;106,66
1726038000;11.09.2024 10:00;95,3
1726041600;11.09.2024 11:00;74
1726045200;11.09.2024 12:00;65
1726048800;11.09.2024 13:00;60,05
1726052400;11.09.2024 14:00;58,92
1726056000;11.09.2024 15:00;56,87
1726059600;11.09.2024 16:00;61,05
1726063200;11.09.2024 17:00;88,87
1726066800;11.09.2024 18:00;128,87
1726070400;11.09.2024 19:00;153,42
1726074000;11.09.2024 20:00;250,08
1726077600;11.09.2024 21:00;160,07
1726081200;11.09.2024 22:00;29,56
1726084800;11.09.2024 23:00;6
1726088400;12.09.2024 00:00;5,04
1726092000;12.09.2024 01:00;45,01
1726095600;12.09.2024 02:00;45,04
1726099200;12.09.2024 03:00;35,06
1726102800;12.09.2024 04:00;20,09
1726106400;12.09.2024 05:00;88,65
1726110000;12.09.2024 06:00;99,25
1726113600;12.09.2024 07:00;163,12
1726117200;12.09.2024 08:00;163,17
1726120800;12.09.2024 09:00;144,71
1726124400;12.09.2024 10:00;107,11
1726128000;12.09.2024 11:00;90,06
1726131600;12.09.2024 12:00;98,31
1726135200;12.09.2024 13:00;100,96
1726138800;12.09.2024 14:00;113,1
1726142400;12.09.2024 15:00;142,93
1726146000;12.09.2024 16:00;135,04
1726149600;12.09.2024 17:00;149,97
1726153200;12.09.2024 18:00;250,04
1726156800;12.09.2024 19:00;250,09
1726160400;12.09.2024 20:00;393,29
1726164000;12.09.2024 21:00;250,91
1726167600;12.09.2024 22:00;125,45
1726171200;12.09.2024 23:00;104,42
1726174800;13.09.2024 00:00;100,06
1726178400;13.09.2024 01:00;153,35
1726182000;13.09.2024 02:00;131,17
1726185600;13.09.2024 03:00;130
1726189200;13.09.2024 04:00;137,26
1726192800;13.09.2024 05:00;120,02
1726196400;13.09.2024 06:00;153,02
1726200000;13.09.2024 07:00;250
1726203600;13.09.2024 08:00;357,12
1726207200;13.09.2024 09:00;348,73
1726210800;13.09.2024 10:00;250,07
1726214400;13.09.2024 11:00;321,47
1726218000;13.09.2024 12:00;288,98
1726221600;13.09.2024 13:00;250
1726225200;13.09.2024 14:00;249,92
1726228800;13.09.2024 15:00;220,07
1726232400;13.09.2024 16:00;220,08
1726236000;13.09.2024 17:00;190
1726239600;13.09.2024 18:00;185,39
1726243200;13.09.2024 19:00;220,01
1726246800;13.09.2024 20:00;189,6
1726250400;13.09.2024 21:00;109,45
1726254000;13.09.2024 22:00;99,91
1726257600;13.09.2024 23:00;79,25
1726261200;14.09.2024 00:00;60,72
1726264800;14.09.2024 01:00;63,8
1726268400;14.09.2024 02:00;52,67
1726272000;14.09.2024 03:00;47,91
1726275600;14.09.2024 04:00;46,72
1726279200;14.09.2024 05:00;48,13
1726282800;14.09.2024 06:00;45,5
1726286400;14.09.2024 07:00;56,21
1726290000;14.09.2024 08:00;66,99
1726293600;14.09.2024 09:00;77,43
1726297200;14.09.2024 10:00;67,78
1726300800;14.09.2024 11:00;56,41
1726304400;14.09.2024 12:00;62,73
1726308000;14.09.2024 13:00;61,75
1726311600;14.09.2024 14:00;59,53
1726315200;14.09.2024 15:00;62,43
1726318800;14.09.2024 16:00;58,72
1726322400;14.09.2024 17:00;78,27
1726326000;14.09.2024 18:00;76,28
1726329600;14.09.2024 19:00;88,14
1726333200;14.09.2024 20:00;124,64
1726336800;14.09.2024 21:00;110,64
1726340400;14.09.2024 22:00;78,45
1726344000;14.09.2024 23:00;87,59
1726347600;15.09.2024 00:00;19,6
1726351200;15.09.2024 01:00;48,41
1726354800;15.09.2024 02:00;42,96
1726358400;15.09.2024 03:00;57,35
1726362000;15.09.2024 04:00;45,88
1726365600;15.09.2024 05:00;40,73
1726369200;15.09.2024 06:00;49,19
1726372800;15.09.2024 07:00;56,03
1726376400;15.09.2024 08:00;83,48
1726380000;15.09.2024 09:00;75,3
1726383600;15.09.2024 10:00;59,68
1726387200;15.09.2024 11:00;79,99
1726390800;15.09.2024 12:00;75,07
1726394400;15.09.2024 13:00;75,08
1726398000;15.09.2024 14:00;75
1726401600;15.09.2024 15:00;75,03
1726405200;15.09.2024 16:00;94,99
1726408800;15.09.2024 17:00;140,09
1726412400;15.09.2024 18:00;176,32
1726416000;15.09.2024 19:00;190
1726419600;15.09.2024 20:00;200,09
1726423200;15.09.2024 21:00;171,85
1726426800;15.09.2024 22:00;126,9
1726430400;15.09.2024 23:00;107,12
1726434000;16.09.2024 00:00;92,35
1726437600;16.09.2024 01:00;70,42
1726441200;16.09.2024 02:00;60,03
1726444800;16.09.2024 03:00;64,4
1726448400;16.09.2024 04:00;74,27
1726452000;16.09.2024 05:00;82,35
1726455600;16.09.2024 06:00;136,03
1726459200;16.09.2024 07:00;139,34
1726462800;16.09.2024 08:00;244,76
1726466400;16.09.2024 09:00;476,81
1726470000;16.09.2024 10:00;421,5
1726473600;16.09.2024 11:00;300
1726477200;16.09.2024 12:00;318,21
1726480800;16.09.2024 13:00;203,39
1726484400;16.09.2024 14:00;149,91
1726488000;16.09.2024 15:00;121,59
1726491600;16.09.2024 16:00;149,92
1726495200;16.09.2024 17:00;250
1726498800;16.09.2024 18:00;189,99
1726502400;16.09.2024 19:00;167,56
1726506000;16.09.2024 20:00;197,9
1726509600;16.09.2024 21:00;128,44
1726513200;16.09.2024 22:00;106,02
1726516800;16.09.2024 23:00;79,95
1726520400;17.09.2024 00:00;57,3
1726524000;17.09.2024 01:00;55,97
1726527600;17.09.2024 02:00;74,21
1726531200;17.09.2024 03:00;82,79
1726534800;17.09.2024 04:00;81,16
1726538400;17.09.2024 05:00;81,23
1726542000;17.09.2024 06:00;114,03
1726545600;17.09.2024 07:00;149,91
1726549200;17.09.2024 08:00;153,23
1726552800;17.09.2024 09:00;144
1726556400;17.09.2024 10:00;140,02
1726560000;17.09.2024 11:00;129,99
1726563600;17.09.2024 12:00;130
1726567200;17.09.2024 13:00;118
1726570800;17.09.2024 14:00;85,3
1726574400;17.09.2024 15:00;85,3
1726578000;17.09.2024 16:00;120,05
1726581600;17.09.2024 17:00;149,9
1726585200;17.09.2024 18:00;180,05
1726588800;17.09.2024 19:00;249,99
1726592400;17.09.2024 20:00;264,49
1726596000;17.09.2024 21:00;149,98
1726599600;17.09.2024 22:00;123,94
1726603200;17.09.2024 23:00;102,77
1726606800;18.09.2024 00:00;92,75
1726610400;18.09.2024 01:00;88,32
1726614000;18.09.2024 02:00;81,34
1726617600;18.09.2024 03:00;84,34
1726621200;18.09.2024 04:00;84,45
1726624800;18.09.2024 05:00;83,41
1726628400;18.09.2024 06:00;102,17
1726632000;18.09.2024 07:00;146,15
1726635600;18.09.2024 08:00;165,79
1726639200;18.09.2024 09:00;132,86
1726642800;18.09.2024 10:00;103,03
1726646400;18.09.2024 11:00;79,18
1726650000;18.09.2024 12:00;38,73
1726653600;18.09.2024 13:00;31
1726657200;18.09.2024 14:00;34,28
1726660800;18.09.2024 15:00;37,21
1726664400;18.09.2024 16:00;54,43
1726668000;18.09.2024 17:00;93,71
1726671600;18.09.2024 18:00;152,84
1726675200;18.09.2024 19:00;149,99
1726678800;18.09.2024 20:00;172,5
1726682400;18.09.2024 21:00;128,83
1726686000;18.09.2024 22:00;99,13
1726689600;18.09.2024 23:00;94,61
1726693200;19.09.2024 00:00;76,07
1726696800;19.09.2024 01:00;76,73
1726700400;19.09.2024 02:00;78,24
1726704000;19.09.2024 03:00;72,31
1726707600;19.09.2024 04:00;77,04
1726711200;19.09.2024 05:00;76,46
1726714800;19.09.2024 06:00;94,41
1726718400;19.09.2024 07:00;114,74
1726722000;19.09.2024 08:00;148,75
1726725600;19.09.2024 09:00;125,13
1726729200;19.09.2024 10:00;110,01
1726732800;19.09.2024 11:00;74,81
1726736400;19.09.2024 12:00;58,96
1726740000;19.09.2024 13:00;37,6
1726743600;19.09.2024 14:00;30,06
1726747200;19.09.2024 15:00;12,53
1726750800;19.09.2024 16:00;23,88
1726754400;19.09.2024 17:00;64,45
1726758000;19.09.2024 18:00;139,59
1726761600;19.09.2024 19:00;145,39
1726765200;19.09.2024 20:00;179,92
1726768800;19.09.2024 21:00;113,95
1726772400;19.09.2024 22:00;88,3
1726776000;19.09.2024 23:00;88,97
1726779600;20.09.2024 00:00;78,87
1726783200;20.09.2024 01:00;73,34
1726786800;20.09.2024 02:00;74,94
1726790400;20.09.2024 03:00;73,85
1726794000;20.09.2024 04:00;73,36
1726797600;20.09.2024 05:00;74,69
1726801200;20.09.2024 06:00;89,74
1726804800;20.09.2024 07:00;120,9
1726808400;20.09.2024 08:00;156,51
1726812000;20.09.2024 09:00;149,99
1726815600;20.09.2024 10:00;110,08
1726819200;20.09.2024 11:00;85,33
1726822800;20.09.2024 12:00;63,34
1726826400;20.09.2024 13:00;54,96
1726830000;20.09.2024 14:00;36,64
1726833600;20.09.2024 15:00;37,65
1726837200;20.09.2024 16:00;64,44
1726840800;20.09.2024 17:00;104,06
1726844400;20.09.2024 18:00;146,35
1726848000;20.09.2024 19:00;169,74
1726851600;20.09.2024 20:00;193,8
1726855200;20.09.2024 21:00;133,82
1726858800;20.09.2024 22:00;99,74
1726862400;20.09.2024 23:00;100,58
1726866000;21.09.2024 00:00;87,17
1726869600;21.09.2024 01:00;89,45
1726873200;21.09.2024 02:00;86,49
1726876800;21.09.2024 03:00;83,22
1726880400;21.09.2024 04:00;82,6
1726884000;21.09.2024 05:00;87,1
1726887600;21.09.2024 06:00;90,28
1726891200;21.09.2024 07:00;99,76
1726894800;21.09.2024 08:00;97,88
1726898400;21.09.2024 09:00;85,62
1726902000;21.09.2024 10:00;8,78
1726905600;21.09.2024 11:00;5,33
1726909200;21.09.2024 12:00;3,08
1726912800;21.09.2024 13:00;0,01
1726916400;21.09.2024 14:00;0,03
1726920000;21.09.2024 15:00;1,93
1726923600;21.09.2024 16:00;5,54
1726927200;21.09.2024 17:00;43,46
1726930800;21.09.2024 18:00;98,71
1726934400;21.09.2024 19:00;153,48
1726938000;21.09.2024 20:00;144,4
1726941600;21.09.2024 21:00;90,06
1726945200;21.09.2024 22:00;81,18
1726948800;21.09.2024 23:00;62,39
1726952400;22.09.2024 00:00;50,24
1726956000;22.09.2024 01:00;75,94
1726959600;22.09.2024 02:00;67,89
1726963200;22.09.2024 03:00;68,01
1726966800;22.09.2024 04:00;85,65
1726970400;22.09.2024 05:00;91,4
1726974000;22.09.2024 06:00;91,26
1726977600;22.09.2024 07:00;94,88
1726981200;22.09.2024 08:00;97,27
1726984800;22.09.2024 09:00;103,05
1726988400;22.09.2024 10:00;73,76
1726992000;22.09.2024 11:00;36,4
1726995600;22.09.2024 12:00;34,99
1726999200;22.09.2024 13:00;52,31
1727002800;22.09.2024 14:00;34,99
1727006400;22.09.2024 15:00;32,46
1727010000;22.09.2024 16:00;84,1
1727013600;22.09.2024 17:00;129,97
1727017200;22.09.2024 18:00;140,1
1727020800;22.09.2024 19:00;249,99
1727024400;22.09.2024 20:00;256,27
1727028000;22.09.2024 21:00;149,55
1727031600;22.09.2024 22:00;113,92
1727035200;22.09.2024 23:00;101,13
1727038800;23.09.2024 00:00;74,23
1727042400;23.09.2024 01:00;90,63
1727046000;23.09.2024 02:00;74,22
1727049600;23.09.2024 03:00;27,22
1727053200;23.09.2024 04:00;24,02
1727056800;23.09.2024 05:00;50,76
1727060400;23.09.2024 06:00;98,02
1727064000;23.09.2024 07:00;141,5
1727067600;23.09.2024 08:00;202,96
1727071200;23.09.2024 09:00;138,23
1727074800;23.09.2024 10:00;104,74
1727078400;23.09.2024 11:00;80,31
1727082000;23.09.2024 12:00;67,27
1727085600;23.09.2024 13:00;64,41
1727089200;23.09.2024 14:00;68,16
1727092800;23.09.2024 15:00;74,25
1727096400;23.09.2024 16:00;79,91
1727100000;23.09.2024 17:00;107,9
1727103600;23.09.2024 18:00;153,76
1727107200;23.09.2024 19:00;248,93
1727110800;23.09.2024 20:00;335,93
1727114400;23.09.2024 21:00;152,27
1727118000;23.09.2024 22:00;74,2
1727121600;23.09.2024 23:00;40,07
1727125200;24.09.2024 00:00;40,1
1727128800;24.09.2024 01:00;40,03
1727132400;24.09.2024 02:00;40,03
1727136000;24.09.2024 03:00;40,04
1727139600;24.09.2024 04:00;40,04
1727143200;24.09.2024 05:00;51,29
1727146800;24.09.2024 06:00;87,94
1727150400;24.09.2024 07:00;112,18
1727154000;24.09.2024 08:00;141,07
1727157600;24.09.2024 09:00;118,02
1727161200;24.09.2024 10:00;25,01
1727164800;24.09.2024 11:00;20,11
1727168400;24.09.2024 12:00;19,42
1727172000;24.09.2024 13:00;19,25
1727175600;24.09.2024 14:00;19
1727179200;24.09.2024 15:00;19,35
1727182800;24.09.2024 16:00;29,21
1727186400;24.09.2024 17:00;84,1
1727190000;24.09.2024 18:00;110,18
1727193600;24.09.2024 19:00;119,05
1727197200;24.09.2024 20:00;136,99
1727200800;24.09.2024 21:00;57,33
1727204400;24.09.2024 22:00;17,18
1727208000;24.09.2024 23:00;16,38
1727211600;25.09.2024 00:00;13,01
1727215200;25.09.2024 01:00;10,06
1727218800;25.09.2024 02:00;8,35
1727222400;25.09.2024 03:00;6,8
1727226000;25.09.2024 04:00;5,97
1727229600;25.09.2024 05:00;5,77
1727233200;25.09.2024 06:00;9,94
1727236800;25.09.2024 07:00;50,18
1727240400;25.09.2024 08:00;89,72
1727244000;25.09.2024 09:00;45
1727247600;25.09.2024 10:00;16,55
1727251200;25.09.2024 11:00;13,44
1727254800;25.09.2024 12:00;8,55
1727258400;25.09.2024 13:00;6,95
1727262000;25.09.2024 14:00;6,91
1727265600;25.09.2024 15:00;5,57
1727269200;25.09.2024 16:00;5,99
1727272800;25.09.2024 17:00;6
1727276400;25.09.2024 18:00;45,91
1727280000;25.09.2024 19:00;83,84
1727283600;25.09.2024 20:00;100,07
1727287200;25.09.2024 21:00;80
1727290800;25.09.2024 22:00;18,3
1727294400;25.09.2024 23:00;5,06
1727298000;26.09.2024 00:00;4,09
1727301600;26.09.2024 01:00;0
1727305200;26.09.2024 02:00;4,09
1727308800;26.09.2024 03:00;4,09
1727312400;26.09.2024 04:00;4,09
1727316000;26.09.2024 05:00;3,01
1727319600;26.09.2024 06:00;30,42
1727323200;26.09.2024 07:00;90,07
1727326800;26.09.2024 08:00;94,05
1727330400;26.09.2024 09:00;83,88
1727334000;26.09.2024 10:00;67,78
1727337600;26.09.2024 11:00;17,42
1727341200;26.09.2024 12:00;11,04
1727344800;26.09.2024 13:00;11,55
1727348400;26.09.2024 14:00;12,08
1727352000;26.09.2024 15:00;12,68
1727355600;26.09.2024 16:00;37,43
1727359200;26.09.2024 17:00;40,52
1727362800;26.09.2024 18:00;70,1
1727366400;26.09.2024 19:00;88,76
1727370000;26.09.2024 20:00;104,93
1727373600;26.09.2024 21:00;85,65
1727377200;26.09.2024 22:00;61,77
1727380800;26.09.2024 23:00;59,11
1727384400;27.09.2024 00:00;36,3
1727388000;27.09.2024 01:00;6
1727391600;27.09.2024 02:00;6
1727395200;27.09.2024 03:00;6
1727398800;27.09.2024 04:00;4,28
1727402400;27.09.2024 05:00;6
1727406000;27.09.2024 06:00;16,86
1727409600;27.09.2024 07:00;29
1727413200;27.09.2024 08:00;37,67
1727416800;27.09.2024 09:00;54,82
1727420400;27.09.2024 10:00;26,34
1727424000;27.09.2024 11:00;8,35
1727427600;27.09.2024 12:00;6
1727431200;27.09.2024 13:00;6,27
1727434800;27.09.2024 14:00;4,92
1727438400;27.09.2024 15:00;4,06
1727442000;27.09.2024 16:00;4,75
1727445600;27.09.2024 17:00;5,01
1727449200;27.09.2024 18:00;14,07
1727452800;27.09.2024 19:00;23,23
1727456400;27.09.2024 20:00;45,23
1727460000;27.09.2024 21:00;8,74
1727463600;27.09.2024 22:00;5,01
1727467200;27.09.2024 23:00;4,92
1727470800;28.09.2024 00:00;3,71
1727474400;28.09.2024 01:00;2,9
1727478000;28.09.2024 02:00;3,03
1727481600;28.09.2024 03:00;3,29
1727485200;28.09.2024 04:00;3,16
1727488800;28.09.2024 05:00;3,27
1727492400;28.09.2024 06:00;4,15
1727496000;28.09.2024 07:00;11,96
1727499600;28.09.2024 08:00;22,86
1727503200;28.09.2024 09:00;26,65
1727506800;28.09.2024 10:00;15,99
1727510400;28.09.2024 11:00;20,34
1727514000;28.09.2024 12:00;22,74
1727517600;28.09.2024 13:00;27,52
1727521200;28.09.2024 14:00;31,05
1727524800;28.09.2024 15:00;39,54
1727528400;28.09.2024 16:00;61,74
1727532000;28.09.2024 17:00;102,07
1727535600;28.09.2024 18:00;108,65
1727539200;28.09.2024 19:00;115,42
1727542800;28.09.2024 20:00;116,53
1727546400;28.09.2024 21:00;99,86
1727550000;28.09.2024 22:00;81,77
1727553600;28.09.2024 23:00;69,65
1727557200;29.09.2024 00:00;16,37
1727560800;29.09.2024 01:00;12,83
1727564400;29.09.2024 02:00;4,09
1727568000;29.09.2024 03:00;2,45
1727571600;29.09.2024 04:00;1,55
1727575200;29.09.2024 05:00;1,51
1727578800;29.09.2024 06:00;2,27
1727582400;29.09.2024 07:00;4,09
1727586000;29.09.2024 08:00;5,99
1727589600;29.09.2024 09:00;4,99
1727593200;29.09.2024 10:00;4,91
1727596800;29.09.2024 11:00;1,33
1727600400;29.09.2024 12:00;0
1727604000;29.09.2024 13:00;-0,01
1727607600;29.09.2024 14:00;-0,49
1727611200;29.09.2024 15:00;-0,44
1727614800;29.09.2024 16:00;0
1727618400;29.09.2024 17:00;37,84
1727622000;29.09.2024 18:00;92,72
1727625600;29.09.2024 19:00;147,73
1727629200;29.09.2024 20:00;175,91
1727632800;29.09.2024 21:00;110,91
1727636400;29.09.2024 22:00;80,28
1727640000;29.09.2024 23:00;70,23
1727643600;30.09.2024 00:00;37,83
1727647200;30.09.2024 01:00;18,91
1727650800;30.09.2024 02:00;11,36
1727654400;30.09.2024 03:00;8,4
1727658000;30.09.2024 04:00;5,53
1727661600;30.09.2024 05:00;39,04
1727665200;30.09.2024 06:00;103,04
1727668800;30.09.2024 07:00;198,76
1727672400;30.09.2024 08:00;220,04
1727676000;30.09.2024 09:00;223,62
1727679600;30.09.2024 10:00;159,93
1727683200;30.09.2024 11:00;95,05
1727686800;30.09.2024 12:00;62,8
1727690400;30.09.2024 13:00;45,06
1727694000;30.09.2024 14:00;42,21
1727697600;30.09.2024 15:00;61,02
1727701200;30.09.2024 16:00;112,62
1727704800;30.09.2024 17:00;159,95
1727708400;30.09.2024 18:00;180,83
1727712000;30.09.2024 19:00;209,17
1727715600;30.09.2024 20:00;245,54
1727719200;30.09.2024 21:00;171,98
1727722800;30.09.2024 22:00;85,05
1727726400;30.09.2024 23:00;4,1
;Keskmine:;96,5
